V1,MID,ip.location,not.mturk.duplicate
R_dmTRs7cW6AMjRBj,A0017268R9SKD8U2,USA,1
R_5Art6OesPA9td0F,A05062513MWBSOJW,USA,1
R_3TPMIbXXKW827ch,A1067MT5UGN8Z8,USA,1
R_1Up9pWiWat1bXw1,A10YQTSBFQPKS3,USA,1
R_3frhiJafYivrfUx,A1102MP1CZI32V,USA,1
R_7V9mfvACmFwy53D,A114FW20RIO5UB,USA,1
R_9Hcv2SyBiZXsM9D,A119B5Y1ZFVY3,USA,1
R_0PLZ8lAyazy96hn,A126UU7IXRJC95,USA,1
R_e8waoM1wLIYdd65,A128W22BIT8D9O,USA,1
R_dojSkTDr5k1qoXr,A12CK2PS96Q3OR,USA,1
R_b4ah9zEWFSJHP6d,A12L49XOTAS4H8,India,1
R_2rzAt2o2XpmOdrn,A12SMSQ6D5227J,USA,1
R_8f8sTcEDkflt24Z,A12Y5ZX3L3N4VQ,USA,1
R_a5xxiib1RnKd9Ah,A12ZPHBEIHN8U7,USA,1
R_9XYKFI5u7OpPQcl,A1378TVZLWPT2Z,USA,1
R_4VeSmIgXHNuJv93,A13BDQ7J8MNP40,USA,1
R_0p6lfbc947F2L9X,A144CG4DJ1O4P3,USA,1
R_7U4nms7WDR10oQt,A1489QNXV5IM6O,USA,1
R_bkDY0B8pdkHzmtf,A14R4IFAPZKKP3,USA,1
R_dbCAlej7KBcpbfv,A14TSAF9CWRHYD,USA,1
R_82FcrRIeH1PQdwx,A14WLAP6TCEKO0,USA,1
R_727RbBQehUMG7C5,A150GMV1YQWWB3,USA,1
R_8B52i8C0Cw5omAB,A15PUZKRWJH0EY,USA,1
R_6urqDYn1MZKUAUB,A15Y73E3GBTRU9,India,1
R_5C2eN23Jz2hHIMZ,A1650FELH3UL2F,USA,1
R_51NYJDhC6YOJGAJ,A166A2M31CW2C7,USA,1
R_6G0EgFJuce8yIst,A167SYXGXFU7C8,USA,1
R_4HImwqr98CGM31r,A16HW9M8WKD89K,USA,1
R_8ctVrJgGoXw5AC9,A170EDGL8ZWMSL,USA,1
R_3JYKbduKh8TuUQd,A173IPWYGBPVTP,USA,1
R_09dgqVHBU1C6WIB,A173LV77LF3SHB,USA,1
R_6gIO2GjNNnJ4FkV,A175IR698FGMBX,USA,1
R_bO6eKxM8PGDOFWR,A175PJR0W3LO8I,USA,1
R_5BhHsu84JsH6tPT,A1792MNK5H7YWF,USA,1
R_6gplpfdef1l3vsF,A18N2O8D5NDVK0,USA,1
R_8wyHHdtwteA5KVD,A18TCR555RWUZV,USA,1
R_3IxWRzUj8X3Tcep,A19BMRBO5UAD6H,USA,1
R_5A0oJj548mpbVNb,A19ED8FYO6CA36,USA,1
R_9pq3JpyDQM8XLmd,A19PATBI3SQNU0,USA,1
R_beDJ79KG8rNWOHP,A19PRE4CL361JF,USA,1
R_8CGVsFsF5KtQVBX,A19ZHL5Y6I7GCY,USA,1
R_eERl66LIgg3VVVH,A1A7U8TF7JAMGN,USA,1
R_ba2uabtEz7HwA4J,A1AVXGO6VIGH7D,USA,1
R_eOGG4JcrIIVcj3f,A1B90XWF503PN3,USA,1
R_55OoaQfmsaUE1Kt,A1BECW50LAWZTZ,USA,1
R_6J5QYMyPDrG2bUp,A1BI3WXOR5CTHQ,India,1
R_5uodzSy93mzZMIl,A1BM57TUNAQIXM,USA,1
R_aVqpezzyc0nDWcZ,A1C6U6K4KW7PYL,USA,1
R_7OMvgcpMFtB1cBT,A1CA1PH52XPXPR,USA,1
R_el1YOG6AQWHjIA5,A1CIIX0CB0GR7H,USA,1
R_aUUpFK4boZlgS7b,A1CMXCZK43R7DA,USA,1
R_bxbtWf5I0YAEgiF,A1CQKKMGT5ZFD4,USA,1
R_6u4UhHphZQ8v1el,A1CSDIX05PK9V,USA,1
R_9EPMN5cYuEmm5VP,A1CVBA0GC7LGFX,USA,1
R_b7x1hAHPszNoVwN,A1D125S7F7G8KM,USA,1
R_1MlxWEk6lMeKA05,A1DCPMWRNPJSGX,USA,1
R_79Dr2gRnUPNSNVP,A1DJD0J0BTE1X8,USA,1
R_9NV0YxIpjBiWwsd,A1DRFDGG2KCOI2,India,1
R_8hLTQ6FWmHxBgJn,A1DUH3RLI00YQM,USA,1
R_e8LaB3DEEGAGPMF,A1DYUKFICPRI96,USA,1
R_2ictGgr3KSLyuUt,A1E19M28UDXKYY,USA,1
R_dgSMmcf1MrMeH3L,A1E3JQKS4PASBU,USA,1
R_42Epj4iX2AEKuOx,A1EEEC7VFCAV2V,USA,1
R_dmddGwgwfrujYI5,A1EIBJSACH8DKX,USA,1
R_8rhFJ0oAY5aNcLX,A1ETJBNTO9ZWZ8,USA,1
R_1AY1MbLmzIceQol,A1F8MOWCCVDIH2,USA,1
R_9AEA0QRDVnBCbl3,A1FF1H7A5VGYPA,USA,1
R_51hHmeza7mQSlXn,A1FG4M4370KNFI,USA,1
R_2rYdkxbv8rAOiln,A1FHH3XEFEQYV7,USA,1
R_do1FS4HT7m9gKRD,A1FHS282JP487T,USA,1
R_5zgatRCvnYodEs5,A1FTGHYEU1T71Y,USA,1
R_397IoD7TeUvwpNj,A1FW68HLKWGLGW,USA,1
R_40GhUHRnwbkJ05n,A1G187YBG0DVMQ,USA,1
R_b7QBQ6JoI0SSWfb,A1G3FZ7RNH2XW4,USA,1
R_efKcqiyZEWA2Ugl,A1GMZG77RTZXNE,USA,1
R_cD7ZuiedJ6pNgkB,A1GXPNXDLMT0QB,USA,1
R_5BlUuQqKm5mCF2l,A1H6QF70CVFVKP,USA,1
R_0ewRjmvufpCsSCp,A1H8GIDKIVMTUV,USA,1
R_086Vz6DyhMnzfyR,A1H95TGQZSN1P1,USA,1
R_6sc4eVHHVBYkuLH,A1HBIE5LRTQK1L,USA,1
R_5gyxcfvgvKJsSah,A1HKXCQXXGQFA,USA,1
R_40erbJmgmHZZZSR,A1HPWAYILGOWIY,USA,1
R_eDHG5wOR1h6vZyd,A1HW17394KQL8H,USA,1
R_aVkVaRwJquBapQ9,A1I9IJBIDVADZ0,USA,1
R_3fwuT4op39IsvMF,A1I9ZBV75AVWUS,USA,1
R_401bQJMVfrxMGBT,A1ICZRR7BO5HLU,USA,1
R_6VTnjoUd8OPraLz,A1IQZMAPFSP9S0,USA,1
R_0813sgcjuwkybRj,A1IU5OP7BBZHZ7,India,1
R_0pJScP3DUM9bn93,A1IWCAELIKUG2S,USA,1
R_0BY4qxCsx0HlnUh,A1J2SF4IQEQ5OP,USA,1
R_6DcnLANF46yMnLD,A1JDJHMWT0U1LC,USA,1
R_cuu3BvjZWFXHjUN,A1JK6N7IX11J1Y,USA,1
R_a5AmOG0DCoWnUXP,A1JNOFVI58L10O,USA,1
R_3mGpyNeGe3IDNEF,A1JO6AY55FG7QU,USA,1
R_0Amxo1cwRPrKHHf,A1KJV3S1EK7LUT,USA,1
R_6EboRVIt1FjfaMB,A1KZ6I92SWIN75,USA,1
R_5o5L723m3pnPk21,A1L6PGLE7CIS12,USA,1
R_6SClysQcdrmJUiN,A1LOK2B8R9XCU2,USA,1
R_7OmqDKjG0AbYw61,A1LQCO66YHYIWL,USA,1
R_7aO4VF7kmXYZJ2t,A1LRJ2MQD4AMES,USA,1
R_8kd24bxZDeIcYXH,A1LWST4TM0ZBR8,India,1
R_bIMOlaGRVdZ51Pv,A1LZWU72K42V92,USA,1
R_5ngNs8RnWWgGgvj,A1M2AROM5M1IT9,India,1
R_24hhMnFvI2hgukB,A1MTORNOU8G39,India,1
R_6L1KoWJdP6bjldP,A1N1XX269GGJSR,USA,1
R_2tsCi9fEhRWJzRb,A1NM7ZPZ3NH412,USA,1
R_39Tje75Z8R7Qstv,A1NS2KX9OVBWUA,USA,1
R_a3tTCCt8fpDoM97,A1PPGTZ7U838XJ,USA,1
R_3FcbX4lPjCcZaIt,A1Q5KU5RVDE67,USA,1
R_00SEp9RTqzE6CUJ,A1Q8EYLFNE0E7S,USA,1
R_cTs9vRcI6YEE9N3,A1QCQE5XW37LN1,USA,1
R_77A9xoH9GTFJd3f,A1QD0XE25CXJ2A,USA,1
R_3OxtuzXvnOdG3rL,A1QG4N21BF61PC,USA,1
R_6nYc2HTrvVBiI73,A1QJ79SLW7NBX1,USA,1
R_9BmAExOE1IorbzT,A1QJW2DB0W14FB,USA,1
R_6u51rp3RhCbJivP,A1QK90OHMNVT6N,USA,1
R_enxhMOwkSZVtXIF,A1QKX5CZJQONP,USA,1
R_efHa9s4tJ95IQZv,A1QMPWEIGYEI8G,USA,1
R_baoZN0L74Ltl7ql,A1QOR6XZKINWNA,USA,1
R_1XOcfpimdVonReB,A1QVNF19XSRSD7,USA,1
R_3yNjkuCjdeq1LVz,A1R0689JPSQ3OF,USA,1
R_40CNZpEp5suQ0rX,A1RBPVK1MXHARJ,USA,1
R_ebNEeOUxjNdnakd,A1RTMAOVYQIAG7,USA,1
R_7WIjNjaQRbYr9T7,A1RWNYJA5X25YH,USA,1
R_djtGRS4FXWl6ELz,A1SQ385J95FIOQ,USA,1
R_3JgXEdhWP9RawK1,A1T6EY2JB6S5ZZ,USA,1
R_3D8X97oiFiAuawd,A1TSVP4XC9NTR4,USA,1
R_blb4PPDFzhiL6Pb,A1UDOHVQ9LA3RQ,USA,1
R_5z44IJhr6hz84L3,A1UH396UOK0X9Z,USA,1
R_d44MQTeDPldRI3j,A1UXVLMCA3PBIL,USA,1
R_0dg1liwibu34R1z,A1V8MSGK7CVD8B,USA,1
R_86yORYnptQxqLoV,A1VJAEPNA6YARO,USA,1
R_bvXhiTto8z8WYx7,A1VKHE5L6QVFUV,India,1
R_3EsE1MRFCfVEgLP,A1VO8E1TC7IJFY,USA,1
R_a4UVP2yh7BbFRTn,A1VOQRLF0DLZEG,USA,1
R_6haUKVOHBSWhoIB,A1VSU8AMV3QFI1,USA,1
R_eg1cz6gbMC12Tnn,A1WJU1IQ3UTRC6,Europe,1
R_0ky6QsgLZ7G6DT7,A1Y8M3WOK4ARV,USA,1
R_1YtU3Au4py54eod,A1Z1O6MMOB3UWW,USA,1
R_0ok22khBSuPJGYd,A1ZIFC5AFQCDZT,USA,1
R_8AHTpwE8j47VoB7,A1ZR0Q2OUOLW51,USA,1
R_8jNtSraGkqCejhH,A20HMZU35MPRO4,USA,1
R_bEeht38oZubbBR3,A20IXK8ZV8N72H,USA,1
R_bpwSs5kBlju0mfb,A20NITCOBY4775,USA,1
R_dmaEBufc4XjQuDH,A20PHNJACMVE4A,USA,1
R_bqGF3AyxbW947vT,A20YGFCRNDTD6,USA,1
R_b4uYqvQ4nLez4Dr,A21753FQKCM5DQ,USA,1
R_eJqZC81EYkMP9Kl,A2177MS5XTPHK4,USA,1
R_byL34r5ORJaQh9P,A21M2EFFRKX5S3,USA,1
R_cUQznfpHGa0ERAV,A21SF3IKIZB0VN,USA,1
R_2fNpjw0eWRtZWvj,A21Y22J7Q0KSGN,USA,1
R_en5GqSGragFvyxD,A221JJK7P6K22W,USA,1
R_beLhUEGpscMeqyh,A22FMYBOTUY2R6,USA,1
R_3lUpHpx1OsjNZOd,A22R2NKWSYZ0KU,USA,1
R_0NyshNnFu0tYP2d,A230VUDYOCRZ4N,USA,1
R_4Hmube2Kbah8Ttj,A236NTW1HGCNBR,USA,1
R_cNpX4RaWSb7jL2l,A23VQ6YY9YM32S,USA,1
R_3lzOLcLfRz0vMBD,A24DZU2LIWZQCG,USA,1
R_7Ohpt1032ZJAT5z,A24ZAX5O63WVNI,USA,1
R_4P06sFwulLplHX7,A254LRAUTHSPPA,India,1
R_8qubMLL1Own7lMp,A25BDZJ7E8I0PG,USA,1
R_2mgqd5kmOGjXn9z,A25D66AC4QUW2U,USA,1
R_a8B9wBnn3LPYF3T,A25HZYQWMU6HQ0,India,1
R_cA3FqyAkAdUea6V,A25ROS9CH7PSFZ,USA,1
R_4Zz7rmRriTQDvnf,A25XQ0GFZ57PPU,USA,1
R_2sI34qC3CKEiagd,A25YXCWCV8Q431,India,1
R_8kxfzoVzMDi8YIJ,A262LJF3U6JOX6,USA,1
R_cHdi4xxSzjmoNz7,A26D2ZZKJW7BXR,USA,1
R_9z3pmQUQ4LgPsON,A26OCU9PF393MC,USA,1
R_bKF8BumN0MRJc6V,A26QW2FSF0783I,USA,1
R_4TPbakd8tRxzGx7,A26T6O5EFR54A9,USA,1
R_cLU631X9xDXc6RD,A27O2IILV3S5YS,USA,1
R_7NSB1zoi5vRW29L,A27OQZFKHPC1H,USA,1
R_5sttqMJ6528jzQV,A27PVIL93ZMY46,USA,1
R_eWlW52HuuRobUGN,A27Z95LLMJ3UOM,USA,1
R_3CLoEFP35y7fmeh,A28BQAJW0GB9LW,USA,1
R_3UA46r883Fx1CFn,A28QFBBCATWTUJ,USA,1
R_9oY3mbjxj5qj2Dz,A28THWK5IO1YOP,USA,1
R_418T0Xs2yzhMN7v,A28Z4EOSSQAZM2,USA,1
R_bOcaALNg3axVRjf,A299CU7U9QX3E7,USA,1
R_eYdsT52CnufYjc1,A2A1D52ZPSW6L9,USA,1
R_5pVZAxcAWja7BWt,A2A7VABUK61FFH,USA,1
R_4GzDFZaFeGkggv3,A2A8HRBDYBV6XJ,USA,1
R_3g968oiWmkEowgB,A2AAY4VT9L71SY,USA,1
R_dclzBuzY06OKJHT,A2AB9WEOEPG7WR,USA,1
R_5yYLOIpEtHGaNKJ,A2AGQGMZVSZVUJ,USA,1
R_0NzScNTgRiiz9pb,A2ALDZVPEAQW62,USA,1
R_diB7Fx3uouG6QQJ,A2ARN6RLA5A3SV,USA,1
R_cLJMUSDNgpSQ6t7,A2B9G4YJ30J2ZO,USA,1
R_bHgjFPeuVpiOtBH,A2BCQMP2ZFDJ2P,USA,1
R_6rPFkVGwxu7ZofX,A2BLIB4GCCK3J5,USA,1
R_4OOVtyoNewqvUA5,A2BNOEYZ3VRW2R,USA,1
R_2bG983dWagIM4qF,A2BY7C3WWO5QI0,USA,1
R_0V5kYYxR6ViGZvv,A2C57JVPIOH7F2,USA,1
R_cux5LE91v85pCol,A2C5UH05QY2GZH,USA,1
R_01Vj3iI4ABLL31z,A2CF5XSGAXA56F,India,1
R_8r0FHcijpKdnIuV,A2CK0OXMPOR9LE,USA,1
R_eswaXe71gl9qiqh,A2CNNBX9KLQUQJ,USA,1
R_3ltk7PKPRA37taJ,A2CZGKI3K6ZT7R,USA,1
R_0vt9vu81Jci6trn,A2D50KS58QB1BN,USA,1
R_9QyeThua7Ei4IjX,A2DAEM674ZDADH,USA,1
R_29a33SNTHIqIpwx,A2DB5PGPTMYVSD,USA,1
R_5nlU45BUvRuosn3,A2DC6TG86OSCRK,USA,1
R_4PkZ5410Ey6GNrD,A2E5ZHT6DQZ4E4,USA,1
R_6opvJZDa7361TvL,A2EL6CXCGP4OB0,India,1
R_5aKgKG9okRjIDTD,A2F1JTU06CO6VD,USA,1
R_8jLaC7BYOLfYjGt,A2FQRMIL3DSKI4,USA,1
R_2fxbfDED4W0GooB,A2FV7KXQ96EO9O,USA,1
R_81haKEJE02EJPvv,A2FWVVYTEI2TOG,USA,1
R_3JdVLxGTSaohtFH,A2GEFC6X75ILDA,USA,1
R_eUUTsQrdWBUKq5T,A2H1QUGX0SOUMH,USA,1
R_8q1SEwjENvbGQ2V,A2H4HYDU6FFAMQ,USA,1
R_eagerpO7uF374Xj,A2HBWO2P8Z6ZN3,USA,1
R_5iD9Ov4eTgZYk5f,A2HGRSPR50ENHL,USA,1
R_cUgbJs7Z5DcMAn3,A2HHKBW8HQWI66,USA,1
R_5uaP2g8V6griB2l,A2HJUGBAX6Q8W6,USA,1
R_6KbgYFeswtpZlop,A2I5G6WIA0DNX3,India,1
R_3KLmMb2VDWtvI7b,A2I5MNPSIK59SW,USA,1
R_001XEbJLCThEUyV,A2IBLAKBXPA6PQ,India,1
R_enfJOQfMPZhAqfH,A2J5DN5UMU0A3Z,USA,1
R_2afepuxzP4VNAAR,A2JMC4D3ZFJH0V,USA,1
R_eCGtYgOvgQb2lhP,A2JPOXYZM5AJZZ,USA,1
R_3TTt8QdCvkfv5sN,A2KEEU97SY67BK,USA,1
R_cwo9XrjLv3G8bEF,A2KJHPO5XPM3UJ,USA,1
R_e36xqTQJyt6n1Gd,A2KM76DTOSO3SI,USA,1
R_a3RLU4jkz7uyVI9,A2KPT0PEUEXCC4,USA,1
R_eyydmKoiuplG4At,A2M4YIC3XU2693,USA,1
R_bC72AoKQjeOyN1P,A2MBD2MOD4S9E7,USA,1
R_5dpGwiTJaFkEg0B,A2MCG5W6LHSRG9,USA,1
R_2ozxjkgcqzkIz2Z,A2MUEX6SZP0LDG,USA,1
R_250C9lXbqmSTCEl,A2N9K5FCGQ60Y4,USA,1
R_4HDOdeepUXsiZZX,A2NJ7N8INZOB00,USA,1
R_a5keS2stEyN0Zx3,A2NZYQORZFRM4R,USA,1
R_0AmYKLDzyY4PMXj,A2O200JODCD036,India,1
R_01ak42N7Lmmbo5D,A2O76FE5NQWOC8,USA,1
R_bIQgQUyr8gLlbhP,A2OE9Y9BO25AP1,Europe,1
R_e3Q6cTfIW0AgD5P,A2P6VK1US8OTC5,USA,1
R_6seQUypDd1TPezr,A2P9WEY7VI3PBM,USA,1
R_3IwuKInyPCVWp4F,A2PXJTMWGUE5DC,USA,1
R_9z4na9pSCGQlTaB,A2Q6L9LKSNU7EB,USA,1
R_5vCV5oFGh2FUQQd,A2QCA9HFLJOJYY,USA,1
R_8CB9i0VeZyWQ3pH,A2QCDKTLMY4P48,USA,1
R_3Oj3QTzAHJ84QAZ,A2QUP5KP7VXYO1,India,1
R_2iejOl3YO8g4sXH,A2QVMCGDLTWV9,USA,1
R_brzLq2qB5ASiIzb,A2R085B34P2LYS,USA,1
R_3wI2pS6IOsAkOAB,A2R2YZTSME1K3F,USA,1
R_6FLD1MAfV7G1i29,A2R40R4O6G0YBY,USA,1
R_4Yj9S9o2HF4v65f,A2R794P3E8X0MK,USA,1
R_0uBLel3wLyGmqe9,A2RFAD589KQRX5,USA,1
R_ewzt8eX3SxeXNeR,A2RMJNF6IPI42F,USA,1
R_eheulW75Hja4PcN,A2S6QOCFC3EAYH,USA,1
R_3pUMYYkMEm0OP3f,A2SENAPNSXG9L,USA,1
R_es6Owzxl4KHDWSh,A2SVQGQWXAJ4YA,USA,1
R_9Nz4RJ78vZDuVEh,A2SYRFPPV9WDEG,USA,1
R_39vfrn2RLXBxgMZ,A2TE84RMBCJ1B1,India,1
R_8B89aoAROJCXSmN,A2TG7EEQ2XG2IK,USA,1
R_7PP0Yi5AYBmhI1v,A2TJE6FPP2BI5L,USA,1
R_3EpCFaitnF1jA4B,A2TVU49CZCDFIW,USA,1
R_bI3r81r6mWvQom1,A2TZJKKUN0LSHY,USA,1
R_dpwCbfUT6d9zhxH,A2U0PGDD0O1GBR,USA,1
R_1LDKdu0824S5pzL,A2U71Q51BUUWBR,USA,1
R_5nWEYUzoFKcScTP,A2UFZ49YJO16T1,USA,1
R_1LeKnZ5utuYr7nL,A2UIGDOLX5RV95,USA,1
R_8IiRbDU7dWj2G8d,A2URTGY72HXIGG,USA,1
R_6EeoemMiqroa2sB,A2V1EIYBBN35SK,USA,1
R_4UEimBykOHcbuCh,A2V2I8HXL9EHQ1,USA,1
R_55aVMOsqZma1jVj,A2VN3OJKI3R6HE,USA,1
R_4TNNYxW2n2PekzX,A2VQJSO7IJRJGC,USA,1
R_3CLiGKpSqfMiHTT,A2VVZOE95CC3JX,USA,1
R_bE4edkcRi94sLOJ,A2WGW5Y3ZFBDEC,USA,1
R_3L61OggeVz63LP7,A2XM6C78S9L8UG,USA,1
R_eViqwBhE6k0lhrv,A2XSMRFVJK1319,USA,1
R_9X11jw1KRNfhDBH,A2XT3T0L580OMN,USA,1
R_0225cjb4Z8stCHH,A2YAB9OITN0ZTU,USA,1
R_9KUelLFlRvlq3Ax,A2YDQZ0IYWEJV0,USA,1
R_5pSC9pPwJTQRsMZ,A2YMCAN6AN9NWF,USA,1
R_8pQW9K8hSE0hDG5,A2YPWT2UKHWRN0,USA,1
R_exPGRH2w3UZ5SsZ,A2YTO4EY3MNYAJ,USA,1
R_1Y77lruvMMR2yNv,A2YW509B0UMSEH,India,1
R_8CCT8aUAXEtVy3X,A2YYQJ3JWA2KGD,USA,1
R_839EvvTqpqcy1Y9,A2Z11BHUBDVKMB,USA,1
R_6V7oS1p24cW8ZCZ,A2ZCBRNGXT1SY1,USA,1
R_8iTcaKsUj9DvvI9,A2ZIA7I1WINJ2A,USA,1
R_1M8ueitcK2LDLvf,A2ZSDMCQ5P0BJJ,USA,1
R_9H66rOEdKhysAYd,A3056EIAMR68GJ,USA,1
R_3kLXhuEQa52SWJD,A3066746SS2O8Z,USA,1
R_cTvgKahDIjxSKcB,A313BVKYTLV6Q0,USA,1
R_8G6S7ItLefhsmzz,A3146VH19IK07A,USA,1
R_9ts64CCl5fG1kDb,A31AHIM1MO6SZ1,USA,1
R_cVj4dZwmuPVzLkp,A31LJ9EUCB7DUK,USA,1
R_5tKK6TjBTD7OLyd,A31O5XYX80XD21,USA,1
R_9FXUy63PQG0H19H,A31XNLA9REVGXL,USA,1
R_0GHfh9VISC5idvf,A325FINFEL3NH8,India,1
R_cANYoZjyuctLijb,A32ALQW4U1W3Y5,India,1
R_eJ8B3XPLWP342r3,A32FIOOQE8U98U,USA,1
R_1HrFFrjYjC1oK57,A32UG2P47Y7M1A,Europe,1
R_eQZXjGz05WNjomp,A32VLTWRJ1EP5T,USA,1
R_0dEfDf2EUpRoHK5,A32W422DMUY3ZY,USA,1
R_3NIFdiAl1lJPqHr,A332MXF8R3BG2Z,USA,1
R_2squlKRKYgNmejj,A33DZYZ8E2LO1D,USA,1
R_8IFlsHvixxDTiK1,A33KTU8KJ5CP2T,India,1
R_3BQ8SVPsxlNNs2N,A33QI63NVR8CUO,USA,1
R_cBg8mQrfExdcR2B,A33XI8ZN4NZ0SQ,USA,1
R_5yzg60HqZ5uCHpX,A3454T4PU9GJM0,USA,1
R_8kNjr2vksC0Df8h,A34X36MQPFKF8V,USA,1
R_0lh88Wyd3lAWrAh,A35BQPABKN4Q8C,USA,1
R_8H7CRuYKD5d6Akt,A35IMPTI2U7XGC,USA,1
R_71jF4AkJiTy9AnH,A35KO5LPASBFI9,USA,1
R_1Zmyd7GPHdNfob3,A35NVKW9R833VF,USA,1
R_9GiIG8vgnXHKGcl,A36470UBRH28GO,USA,1
R_1IgkTCBdIf9empv,A3660MNQ6IU18Y,USA,1
R_9vlm5FHEni9z6tL,A36LOA6VLJU157,USA,1
R_9QWXkvxZkFmFGh7,A36O0OQ16U4WX6,USA,1
R_5q1KWWrhqFVytqB,A36V8H6EKBQ3DC,USA,1
R_e2rxOhoiSqmAD4N,A375OH1S7FO7L8,USA,1
R_7ZEVlsOq0OL4BBH,A3760PCQD2MPIO,USA,1
R_6yBLfFVguR2w257,A37BU4T906EXCT,USA,1
R_eqGXV0TIDYMD297,A37EV8RZ82WT8E,USA,1
R_6sUlbQTk9SFXCqF,A37I58C4258IPX,USA,1
R_5dqfCi5zbO7mZiR,A37LY5UTJV2KYZ,USA,1
R_0MOoyRT2qud2zKl,A37QZIPI5JW6Q9,India,1
R_1Bb9TLPjasOcHKR,A380PU6ZH8UEBV,USA,1
R_1QSXYH2kt4IArad,A382OV019QLW6H,USA,1
R_cMfT0K5eSrKDHEx,A3862RIFFUV141,USA,1
R_81fKMP8IPkGSEip,A38DC3BG1ZCVZ2,USA,1
R_6ndwfnfKH4BBvP7,A38IXDI5371P7Z,USA,1
R_6fFbzn22FsLQ3pr,A38VMTKS30TQZB,USA,1
R_9oTGBeyOeaWMIhn,A38Z4HGE16SX10,USA,1
R_8xfTSP0TPWMsL9X,A39HM489P9ATDT,USA,1
R_0B6cMkMpWqZm89n,A39MOCMDRIOSJM,USA,1
R_bNIHxzYC1iuSMXb,A39QOA9M7GNF86,India,1
R_87YmVzGvFayMsvP,A3A3N7W6C3B9WZ,India,1
R_74yaNLYUl94dZT7,A3AUC5AH4O8HMD,USA,1
R_cMv4T4b4RNiU3E9,A3BFMY5OX2WMUW,USA,1
R_3epRtojtK23qCax,A3BH4I2ZV89I6L,USA,1
R_b7NA1fewASMTv13,A3BPS4K97FAU7O,USA,1
R_1RpgdFXyGDIi2a1,A3BUWQ5C39GRQC,USA,1
R_6YfPwBhGnljzt2t,A3CNDLG7MQWPUU,USA,1
R_em05ezifgJiv09f,A3CNS8EZ9VQ241,USA,1
R_4TKjFssFXkoAf3L,A3CO5374TFUFEK,USA,1
R_9BsadGk7KZK7a0l,A3D6DQGF78M17W,USA,1
R_7VWdMmEdVLxis1T,A3DFCGAXJHV1P9,India,1
R_exO7m52MzVIksW9,A3DFJV1RD653DQ,USA,1
R_9ZYbpKY5KwGKewt,A3DRA9UGT045XY,USA,1
R_7QDYydfVH9gig61,A3DW9225IX9OOJ,USA,1
R_blPoDZKGTlIIgqV,A3DXL2YZRL2HWD,USA,1
R_0j2qcPvB6ioUaHP,A3DY78Q4FCWTXX,North America,1
R_cS9OlzfA6EUZI69,A3DZONQBLC3T42,USA,1
R_2bkcXip0Xh6UuLH,A3E8SAQITIYUTJ,USA,1
R_3ZZ9Z1mDSQTLySN,A3EDRTRXMVIEJH,USA,1
R_3t275b266dV4H5j,A3EJ44J2ZNRMDA,USA,1
R_8JuR2Nibf9mWAJv,A3EPDU2O2JMR50,USA,1
R_6WLA1cnicrUUq21,A3F90N8YVKJ4I7,USA,1
R_eg5LSGxpArvAHDT,A3FAH5S2RGZ5AK,USA,1
R_1SpG4HdYhQXmoFT,A3FC9922I8X8WE,India,1
R_ergbICNUdWsXRiJ,A3FFZN4FO3Q789,USA,1
R_7NCwb1Kw752OyoZ,A3FG68U6LZ8EGN,USA,1
R_4ZPdGqWeaNNYeuV,A3FGGLSILVSCA,USA,1
R_5cDiTaAnV72ZlR3,A3FU99QHMC1KLP,USA,1
R_eKcB8ZGko6FV5Od,A3G0T5Y7OSC76S,USA,1
R_4VARDRhnyBSC1Mh,A3GYL70SZLQAU,USA,1
R_6suIBuUloWEQ7kN,A3HEJEVDXYX2K9,USA,1
R_a8WsGnsXnIQ70mF,A3HZ31VAGTVQMQ,USA,1
R_0vK1b5uyCqk0137,A3I88443Q8I5K4,USA,1
R_eM3XnNg0TIMChF3,A3IFGWZXI17R3D,USA,1
R_bqmhiKdxLXZi4xn,A3IFO6ZUI1A0E2,USA,1
R_4N4BeP5PvUJ5jBr,A3IHLWMZNBLUR4,USA,1
R_eqWYu6N7uf8SLzv,A3ITZNJQUTIZ4C,USA,1
R_6SbiJ8EflcoJwuF,A3J8Y94SGZ3R0E,North America,1
R_3b03J45S2W6sEIZ,A3JENDY17M92H7,USA,1
R_4IujgiRHcZCuenH,A3JNJRZPUIH36M,USA,1
R_exkbUQokWzaRaVT,A3K3IZ0S0YOLO1,USA,1
R_9pefleh7wDijovX,A3KCT51PDCLUFD,USA,1
R_29IQDcruj7gsQmx,A3KTMAS53OY3NJ,USA,1
R_9HWTmcFtQswgPJj,A3LFVI65XV1T46,USA,1
R_dnXOljtiKmieNBr,A3LI0O659I8GFX,USA,1
R_0omHAjJNFyjJ1gp,A3LZG0E2BOVFI0,USA,1
R_77MNr5b1YTtdTdX,A3MF552H6HJS25,USA,1
R_ctGpcQCVwXGIU8l,A3MPHGI584PR1U,USA,1
R_6ERJMQ2irZ62hiR,A3MZ9RQJX9T656,USA,1
R_2iCDpUaPkg3P0xL,A3N21EB4BRE7HD,USA,1
R_2b41uq9N7Z7Tovb,A3N83HEY2OB1NA,USA,1
R_bsGV3aD1fHKfX0h,A3NAHN61XJ3ZAT,USA,1
R_832SN0CZ6XPWpoh,A3NE7SIDYZCF98,USA,1
R_8oEi3j9Gsay7W2V,A3NMQ3019X6YE0,USA,1
R_3DHCOFy01cvcjjf,A3NOL60Q1HWPXO,USA,1
R_5o1s3uhONukAbPv,A3NWQ0535HAXUD,India,1
R_5pbkSYcxHHzo4N7,A3OLRWACCCCUTU,USA,1
R_ahgsBpjKfpyowEl,A3OMUSG91MTI3H,USA,1
R_6eO4D8cgrGuyOtD,A3P2C7NKDAP9XP,USA,1
R_0HBM3A7bkzpJLdr,A3P74FP62XNVYI,USA,1
R_a3ueN2RjpaI7xrL,A3PIU3R3IE6VDW,USA,1
R_eanogOjCJ6UJEoZ,A3PKJ0CX86ZAWN,India,1
R_8p5tkj9Ju4t9CM5,A3PZMH0G4UBMYG,USA,1
R_1XEYJUvEQ6C0dTv,A3QAXG696ONGIF,USA,1
R_06SNLZDD3afbDW5,A3QB0Z9AN62HFH,USA,1
R_6fg4QiTm2u0rjNP,A3QKPQ5P7QV5XT,Europe,1
R_8B158ijfm5idyvz,A3QY3I5O0STFGA,USA,1
R_5bsEwpQMAgZAk9n,A3R25SV8HUGML2,USA,1
R_29xjaWZ8V1chHpP,A3RIBFIB7C8D20,USA,1
R_blTOOhJ4FDLeosZ,A3RKB3V6GUGKAX,USA,1
R_2sEsZ6tYN01ACmF,A3RR85PK3AV9TU,USA,1
R_eeQgZMnGlxEu5iB,A3RRCLDVNSFS6H,USA,1
R_2sn0Tp0iGoGzBvD,A3RTROKHB6J9B9,USA,1
R_6ikB0TWkXutLgfb,A3S8HNGZ7BN1I6,India,1
R_6rEjcWZFXknZkb3,A3T3K88IYZ9H8K,USA,1
R_7VvKuX0XQAQUvWZ,A3TVDFJ22T1FFN,India,1
R_1ZcueFTqmsbMZBH,A3TWL91KU8T9RB,USA,1
R_8ptjxYm9uf2lnud,A3TX4N6SOLVMBS,USA,1
R_3sKakm4TrNfRsH3,A3U5CRG5S8I800,USA,1
R_5vY53nlOWQDGTKB,A3USS4O0RQZ37K,USA,1
R_5bVFgipm4kMTZLD,A3VDFWL4MI3KPA,USA,1
R_9S6pqPJTD97ZRjL,A3VHGPLNC1VLQ5,USA,1
R_50IOWQXYaWTo5y5,A3VJY2IKOZ17GJ,USA,1
R_3t9GQbaozdRe8tv,A4T1X0PO5N1G9,USA,1
R_3UiKTUlVgktKWsR,A4VE2G6MHTDFQ,USA,1
R_6RN1YTffnHz34C9,A52FTWU8ZCZC7,USA,1
R_2f6rUFmyzgXpptP,A544VW8YTMPJP,USA,1
R_6XwvEJp6GHpuZHD,A5BMKZRGHNSRT,USA,1
R_8wCD0CLP20ZNPBX,A5EH8I0OCNCK4,USA,1
R_bwI7lAjIItnvxop,A66GVEZ7BBLH,USA,1
R_breftrSx6JVciTr,A69KEZJP0BY6B,USA,1
R_efdBBEHtSUracMl,A6YPMKB076U0V,USA,1
R_1HbKiSUE0uJ9C7P,A7CYU79YGRVQ8,USA,1
R_esKY5g7F7X4JxgF,A7OUDYWWANAHW,USA,1
R_cVfpiAUG2DQa6zz,A8119VX6QGMYX,USA,1
R_b92TU9lkwEOH4ih,A8BU58N5GX7OV,USA,1
R_aVmnE9KINQRadud,A8R36LINQ8Y4O,USA,1
R_a49km0e05cacPXL,A8RAYYZKGDBQD,USA,1
R_3drMddSJ08RtbxP,A8V4K61KQLCRD,USA,1
R_9t9GW6AYreATieh,A997OZ3H2B3Q2,India,1
R_cYh1ABj61QBcPbv,A9EXZQRCRTWJT,India,1
R_5tf6P2Zk5dqNVQh,AAJEPFSQNC6X,USA,1
R_9BjMKGZaCiOOEIJ,AAOLV0IQA9VH2,USA,1
R_8dc72fWpMOmnyjX,AB4ZO8CFGCVIM,USA,1
R_6eOkCJx5IxKjgi1,AB7M07R1AUWQT,USA,1
R_9TCrrZxe4AYYliR,ABI9ZPA1SGP8F,USA,1
R_cXZU27abjbn97JX,ABJY0KZQ7SIQ8,USA,1
R_6D5WAeXogDE0ee9,AC44SQOR2QF0V,USA,1
R_6qT6dXZqLyJlcLb,ACDTQNYOT3GG8,USA,1
R_7URZjVbE3NiwVrn,ACS097G9ELES4,USA,1
R_0HSgO8oWcGycBOl,ACVEFRSUAPSEQ,USA,1
R_4IApbsAI532jr5X,ACVJ6IUO9QM4R,USA,1
R_71EzLyCwPzN73ZX,ACXKO7WRVOXWQ,USA,1
R_6SAGKzaSe6ME5nv,AD5IKFAK8KN4P,India,1
R_5dWfTNHeBdfmrkx,ADELW3TS04YY7,USA,1
R_6fMqgDOSbdhRHNP,ADQKTG5B8ZW1G,USA,1
R_eVYqlCMhvtSyc8R,AEA29X7DRJX31,USA,1
R_bJJwF2fiSEoBmW9,AEDV0CBBPU0RE,USA,1
R_4H0BPW6NRDKW1q5,AEFZ7E5M1QZ0P,USA,1
R_55d1dtERMQ7getn,AEHZWBU595324,USA,1
R_3ygJIA7raLlLErz,AEKCK3L7OKCY9,USA,1
R_3EpN1n2vzTLUnT7,AENW881YO2H8S,USA,1
R_3fUxuVOGXAW0NYp,AET2HPL32OWOT,USA,1
R_8jrvhDCZFAkmDZj,AETIZKQNUSBLB,USA,1
R_4YPOcm8ttMvQLad,AEX8NVMAV2QCK,USA,1
R_1H5kXdvQIDk9g3P,AFDOCG0RZGSXU,India,1
R_bwvKvl6vtph3CFD,AFKHZQ5SW7CSL,USA,1
R_a9PyVdAClMbWPCB,AGCZJRTLMEH4L,USA,1
R_3xFeuHUDTVjvdQx,AH0M83IVKSTDN,USA,1
R_0kNMbdBBbo34dIp,AH4RLAVOVY2AF,USA,1
R_0fHFU2dyBwlMp7v,AH6PQTU8QFO8U,USA,1
R_br9XVZnSUKAI4tf,AH8RAHAUN9MZP,USA,1
R_cYlqzAmdOTjXvud,AHGJTOTIPCL8X,USA,1
R_4PBdVhJMXt8rDVj,AHJQDF8PAHVDP,USA,1
R_agg7QR4RcBA3qMR,AHLADH7JTJRO8,India,1
R_8vIFbuFVcsphdcx,AHLS6AZ1VTNH7,India,1
R_6ipWvcFaEpsugyp,AHZPOM46IUJ2N,USA,1
R_aacFv8QnOm3rZMp,AI1MF6MS74XFY,USA,1
R_6G0wAXSNPoCHxel,AI8N0V1I5D1O2,USA,1
R_9vmZeMl4NVLkSB7,AIESUL3HUOE97,USA,1
R_3DA77nMa4JhxdvD,AIH06SF8MK6XF,USA,1
R_5z2kX0joxnKhKEB,AIHMZCVRHFVWC,USA,1
R_2b46MlQrd8f7GcZ,AJ85Y7G0C3BCF,USA,1
R_3q43hHD0CAaC8Id,AK0S8EQHPETZQ,USA,1
R_1SsHmeKkKOsUHdP,AK884VX5S74ZW,USA,1
R_a8IyaNzbWgV6SW1,AKC6351TW2FA4,USA,1
R_71UFLV6AhsLAjPf,AKLV0WIZZ356X,USA,1
R_7O4f6IejMoP6BxP,ALLP45O3BDWYM,USA,1
R_daOxRKdSuKcYlOR,ALMX1BC2N51RV,USA,1
R_018geyl6mX7gVq5,ALO2B6DEY8THB,USA,1
R_6okhlUtF6rIXzxP,ALT88JWMD3JVJ,India,1
R_2fxtm0sqXKcsBs9,ALZAEFAGR5MFE,USA,1
R_3LeveWoI0ZSPRlP,AMG9Y1YLBTKIV,USA,1
R_1YcYG1tCOpIfp9b,AMHZ8D856PO3F,India,1
R_87Khsj6xUeiqNPn,AN1IJMZIB3QS4,USA,1
R_escVseD4UTZmhnL,AN3F3H70WHNAM,USA,1
R_4MFn5KYnFt9kKix,ANFWGSQ8BQRZ,USA,1
R_cASIGGRQED4yL0V,ANKCM4EYXW96O,USA,1
R_dg0waCJaBmowd0h,ANRGR48ESBM8W,USA,1
R_0wcxc0zlkWbUbNb,ANWSLPX57D1QQ,USA,1
R_6WO50m4ik846U1n,AO7FM98CP90CL,USA,1
R_0chJ1kC3G0md64Z,APQMFEY1KUL6A,India,1
R_2lf790lsdd7aCRn,APQPWTKGNJ4JQ,USA,1
R_1RmdQCX1a6F2itT,APYYV3B1MT2B6,India,1
R_8CElSlQfQwAxddP,AQ2INPVVXR1G0,USA,1
R_8e1GETAxGl8ZdNX,AQA9YD7DDXWYN,USA,1
R_eas7LCjvfGFaS4R,AQMY0PDFWXT9H,USA,1
R_dg7VYcZm8ZHchyl,AQORJW4W8U9YU,USA,1
R_26u2jYmDTPIWCbP,AQVP5IH2S6WCB,USA,1
R_4JgHEka4Z2D1PRX,AR1IWBDA7MC86,USA,1
R_9ogHvtqAl8fwsf3,AR20RBERHIPN8,USA,1
R_5uodwZRkHrlMw6x,AR34M0TTKXKJT,USA,1
R_6A0zuGmgT6otFxb,ARG47LD1T4XXY,USA,1
R_71Eeh1U0F7zV1mB,ARLSOH5YMGJGN,USA,1
R_ey7XvUU8kwAGWuF,ARNTOT4L28BBP,USA,1
R_bkCdkQiUdPhIySp,AROEBUDI2L9G9,USA,1
R_brd3cOjeXZN8STH,AS1QMPXIT1EGX,USA,1
R_0vcad2wUH4AI7Fr,AS2Q4GU25G87R,USA,1
R_3K0IoJgHnLd5M69,ASROVV61167I6,India,1
R_eg4VDx7G47OOGwJ,ASRPEZ6XUT13S,USA,1
R_bknoFCF5WD1G0Tj,ASS4LIVDW452F,USA,1
R_8DkDsw61Qpc8CAl,ASUN9TWBTBRCY,USA,1
R_cYM230WPKVOEOA5,ASXACVODSYD7G,USA,1
R_3sLwM622kGb4H1b,ATKG4FI2S5MVL,USA,1
R_2lgw7O0E2PDJzY9,ATRHDYWCIYTDJ,India,1
R_e3rqyRYDceDqeQl,ATXVKBFVTZZQW,USA,1
R_55bz9pjFK7X3TzT,AU0LVWJM11NLF,USA,1
R_00ofYbxFjXjoEm1,AU0NZI2T3R792,USA,1
R_d536cTBXgdgpdwV,AU2NVT51E749C,USA,1
R_1YVFoIjbndzxGV7,AU4A8G87D82C3,USA,1
R_9NV7v2nKaYVITdj,AU87XFYNZI4B5,India,1
R_3yYVC0o1V0pIt3D,AUF665DF3MI77,USA,1
R_b8wMluPTHEFtWD3,AUI3R928P63B0,India,1
R_0fHLEZgkjH6Tjox,AULIHTDI0Q1IY,India,1
R_0qxULDH5jMkeRGR,AUO7XEZDY9496,USA,1
R_cIxf1RKnRB8UrB3,AURYD2FH3FUOQ,USA,1
R_cGX0wvCe2lFNukd,AVI7K876BV3QL,USA,1
R_2csNUBPrA6NJBpX,AVOBTG10RK2V2,USA,1
R_d6AmqEeOlE6zRkh,AVRD54P0D2AR4,USA,1
R_dgLA78dzmewLUQ5,AVX3SWFMBEPMZ,USA,1
R_eGbnzQJPO6iFTX7,AVXEDARJC5HLU,USA,1
R_4TnqjXcTCwQdQeV,AWA9E0MXCUZEX,USA,1
R_cCnQP7sz1Arsb09,AWJTO98M4DQFL,USA,1
R_8kRZathlq7WwhpP,AWSBMEVHA939W,USA,1
R_9RAbtkR6ZKFVZt3,AWTGJ45ZWUCHH,USA,1
R_77Xo3ixFuVueijj,AXQAMAX5I3RMS,USA,1
R_eP9wnjfht1yr31j,AY0758IITCGOZ,USA,1
R_cUVbrSoebhqvjUx,AZFJ4Y7VFQBDH,Europe,1
R_aWP20Yx5PwbSxXT,AZIY6IFOS4CVC,USA,1
R_eku1Cj3SMwuEv8V,AZKC2HLJOVL04,USA,1
R_6RO2pPydoUfVyS1,AZOS1CTMW0J3F,USA,1
