StartDate,EndDate,Status,IPAddress,Progress,Duration (in seconds),Finished,RecordedDate,ResponseId,RecipientLastName,RecipientFirstName,RecipientEmail,ExternalReference,LocationLatitude,LocationLongitude,DistributionChannel,Q15,Q16,L1.R1.scenario_1,L1.R0.scenario_1,Q28,Q29_1,Q21_1,Q22_1,L0.R1.text_1,L0.R0.text_1,Q26_1,Q14_1,mTurkCode,load,had.readStart Date,End Date,Response Type,IP Address,Progress,Duration (in seconds),Finished,Recorded Date,Response ID,Recipient Last Name,Recipient First Name,Recipient Email,External Data Reference,Location Latitude,Location Longitude,Distribution Channel,"TÃ¡jÃ©koztatÃ_ nyilatkozat
 

Tisztelt HÃ¶lgyem/Uram!

Ã–n egy tudomÃ¡nyos kutatÃ¡sban vesz rÃ©szt, amelynek tÃ©mavezetÅ‘je Dr. AczÃ©l BalÃ¡zs, az ELTE AffektÃ_v PszicholÃ_gia TanszÃ©kÃ©nek kutatÃ_ja.

 

A vizsgÃ¡lat cÃ©lja:

A kutatÃ¡s cÃ©lja egy korÃ¡bbi kÃ_sÃ©rlet replikÃ¡lÃ¡sa, (Risen Ã©s Gilovich (2008)) mely sorÃ¡n arra kÃ©rjÃ_k majd, dÃ¶ntse el, mekkora valÃ_szÃ_nÅ±sÃ©ggel kÃ¶vetkeznek be bizonyos esemÃ©nyek. A kÃ_sÃ©rlet kÃ¶rÃ_lbelÃ_l 5 percet vesz igÃ©nybe.

 

RÃ©szvÃ©tel:

A kutatÃ¡sban valÃ_ rÃ©szvÃ©tel teljesen Ã¶nkÃ©ntes. A vizsgÃ¡latot bÃ¡rmikor indoklÃ¡s nÃ©lkÃ_l megszakÃ_thatja, vagy a kÃ©rdÃ©sek megvÃ¡laszolÃ¡sÃ¡t megtagadhatja.

 

AdatkezelÃ©s:

SzigorÃºan bizalmasan kezelÃ_nk minden olyan informÃ¡ciÃ_t, amit a kutatÃ¡s keretein belÃ_l gyÅ±jtÃ_nk Ã¶ssze. A kutatÃ¡s sorÃ¡n nyert adatokat Ã¶sszegezzÃ_k, Ã©s statisztikai elemzÃ©seket vÃ©gzÃ_nk rajtuk, amelyekbÅ‘l egyetlen rÃ©sztvevÅ‘ azonossÃ¡ga sem Ã¡llapÃ_thatÃ_ meg.  Minden kÃ_sÃ©rleti rÃ©sztvevÅ‘ Netpun-kÃ_djÃ¡t felÃ_rjuk, hogy a kÃ_sÃ©rleti pontokat adminisztrÃ¡lhassuk, azonban ezeket a kÃ_sÃ©rleti adatoktÃ_l fÃ_ggetlenÃ_l tÃ¡roljuk. A Netpun-kÃ_dok alapjÃ¡n a rÃ©sztvevÅ‘k megkapjÃ¡k a rÃ©szvÃ©telÃ©rt jÃ¡rÃ_ pontszÃ¡mot, ami egy Google dokumentumban lesz bevezetve, ahol azokat a szemeszter vÃ©gÃ©ig tÃ¡roljuk.  Az anonim adatokat elektronikus formÃ¡ban egy jelszÃ_val vÃ©dett szÃ¡mÃ_tÃ_gÃ©pen Excel formÃ¡tumban tÃ¡roljuk.

 

Ha bÃ¡rmilyen kÃ©rdÃ©se, aggÃ¡lya vagy panasza van a kÃ_sÃ©rlettel kapcsolatban, kÃ©rem keresse Salamon JÃ¡nost (salamon.jon@gmail.com).

 

KÃ©rem, amennyiben egyetÃ©rt a fenti feltÃ©telekkel, Ã©s hozzÃ¡jÃ¡rul a kutatÃ¡sban valÃ_ rÃ©szvÃ©telhez, ezt a lenti mezÅ‘ bepipÃ¡lÃ¡sÃ¡val igazolja.

EgyÃ_ttmÅ±kÃ¶dÃ©sÃ©t elÅ‘re is kÃ¶szÃ¶njÃ_k!

 
A rÃ©szvÃ©tel feltÃ©teleit megÃ©rtettem.","BeleegyezÅ‘ nyilatkozat

 

Kijelentem, hogy az EÃ¶tvÃ¶s LorÃ¡nd TudomÃ¡nyegyetem Ã¡ltal szervezett, Dr. AczÃ©l BalÃ¡zs kutatÃ¡svezetÅ‘ Ã¡ltal vÃ©gzett vizsgÃ¡latban Ã¶nkÃ©nt veszek rÃ©szt. A vizsgÃ¡lat jellegÃ©rÅ‘l annak megkezdÃ©se elÅ‘tt kielÃ©gÃ_tÅ‘ tÃ¡jÃ©koztatÃ¡st kaptam.

TudomÃ¡sul veszem, hogy az azonosÃ_tÃ¡somra alkalmas szemÃ©lyi adataimat bizalmasan kezelik.

HozzÃ¡jÃ¡rulok ahhoz, hogy a vizsgÃ¡lat sorÃ¡n a rÃ_lam felvett, szemÃ©lyem azonosÃ_tÃ¡sÃ¡ra nem alkalmas adatok mÃ¡s kutatÃ_k szÃ¡mÃ¡ra is hozzÃ¡fÃ©rhetÅ‘k legyenek.

Fenntartom a jogot arra, hogy a vizsgÃ¡lat sorÃ¡n annak folytatÃ¡sÃ¡tÃ_l bÃ¡rmikor elÃ¡llhassak. Ilyen esetben a rÃ_lam addig felvett adatokat tÃ¶rÃ¶lni kell.

TudomÃ¡sul veszem, hogy a vizsgÃ¡lat eredmÃ©nyÃ©rÅ‘l kÃ_lÃ¶n laboratÃ_riumi lelet, orvosi zÃ¡rÃ_jelentÃ©s nem kÃ©szÃ_l.

 
A kutatÃ¡sban valÃ_ rÃ©szvÃ©telem kÃ¶rÃ_lmÃ©nyeirÅ‘l rÃ©szletes tÃ¡jÃ©koztatÃ¡st kaptam, a feltÃ©telekkel egyetÃ©rtek.","Kezdd a szÃ¡molÃ¡st kÃ¶vetkezÅ‘ szÃ¡mtÃ_l: 564



MikÃ¶zben visszafelÃ© szÃ¡molsz, olvasd el a kÃ¶vetkezÅ‘ helyzetleÃ_rÃ¡st:

KÃ©pzeld el, hogy egy nagy elÅ‘adÃ_ban vagy pÃ¡r szÃ¡z diÃ¡kkal Ã©s a terem kÃ¶zÃ©psÅ‘ rÃ©szÃ©n Ã_lsz, de a terem felÃ©nÃ©l kicsit tÃ¡volabb! A professzor a kÃ¶telezÅ‘ olvasmÃ¡nyokrÃ_l kÃ©rdez valamit, de senki sem jelentkezik, hogy vÃ¡laszoljon. Te elolvastad a kÃ¶telezÅ‘ irodalmat, Ã©s biztos vagy benne, hogy a professzornak tetszene a vÃ¡laszod, de jobb szeretsz nem jelentkezni a nagy elÅ‘adÃ_kban. Az osztÃ¡ly kÃ©t percig csendben Ã_l, mielÅ‘tt a professzor elmagyarÃ¡zza, hogyha senki sem jelentkezik, Å‘ fog felszÃ_lÃ_tani valakit.



Milyen valÃ_szÃ_nÅ±nek tartod, hogy a professzor tÃ©ged fog felszÃ_lÃ_tani? VÃ¡laszodat az alÃ¡bbi szÃ¡mok kÃ¶zÃ_l a megfelelÅ‘ kivÃ¡lasztÃ¡sÃ¡val jelezd!","Kezdd a szÃ¡molÃ¡st a kÃ¶vetkezÅ‘ szÃ¡mtÃ_l: 564



MikÃ¶zben visszafelÃ© szÃ¡molsz, olvasd el a kÃ¶vetkezÅ‘ helyzetleÃ_rÃ¡st:



KÃ©pzeld el, hogy egy nagy elÅ‘adÃ_ban vagy pÃ¡r szÃ¡z diÃ¡kkal Ã©s a terem kÃ¶zÃ©psÅ‘ rÃ©szÃ©n Ã_lsz, de a terem felÃ©nÃ©l kicsit tÃ¡volabb! A professzor a kÃ¶telezÅ‘ olvasmÃ¡nyokrÃ_l kÃ©rdez valamit, de senki sem jelentkezik, hogy vÃ¡laszoljon. Nem olvastad el a kÃ¶telezÅ‘ irodalmat, Ã©s biztos vagy benne, hogy nem tudnÃ¡d megvÃ¡laszolni a kÃ©rdÃ©st. Az osztÃ¡ly kÃ©t percig csendben Ã_l, mielÅ‘tt a professzor elmagyarÃ¡zza, hogyha senki sem jelentkezik, Å‘ fog felszÃ_lÃ_tani valakit.



Milyen valÃ_szÃ_nÅ±nek tartod, hogy a professzor tÃ©ged fog felszÃ_lÃ_tani VÃ¡laszodat az alÃ¡bbi szÃ¡mok kÃ¶zÃ_l a megfelelÅ‘ kivÃ¡lasztÃ¡sÃ¡val jelezd!","FEJEZD BE A SZÃÅMOLÃÅST! Melyik szÃ¡mnÃ¡l Ã¡lltÃ¡l
meg?","ÃÅltalÃ¡ban
nagyon nehÃ©z egyszerre kÃ©t feladatot teljesÃ_teni. KÃ©rlek, jelezd, hogy mennyi
energiÃ¡t fektettÃ©l a kÃ©t feladatba kÃ_lÃ¶n-kÃ_lÃ¶n, a megfelelÅ‘ szÃ¡m
kivÃ¡lasztÃ¡sÃ¡val!",Mennyire volt nehÃ©z a szÃ¡molÃ¡si feladat?,Mennyi energiÃ¡t vett igÃ©nybe a szÃ¡molÃ¡si feladat?,"KÃ©rjÃ_k,
figyelmesen olvasd el az utasÃ_tÃ¡sokat!
KÃ©pzeld el, hogy egy nagy elÅ‘adÃ_ban vagy pÃ¡r
szÃ¡z diÃ¡kkal Ã©s a terem kÃ¶zÃ©psÅ‘ rÃ©szÃ©n Ã_lsz, de a terem felÃ©nÃ©l kicsit tÃ¡volabb!
A professzor a kÃ¶telezÅ‘ olvasmÃ¡nyokrÃ_l kÃ©rdez valamit, de senki sem
jelentkezik, hogy vÃ¡laszoljon. Te elolvastad a kÃ¶telezÅ‘ irodalmat, Ã©s biztos
vagy benne, hogy a professzornak tetszene a vÃ¡laszod, de jobb szeretsz nem
jelentkezni a nagy elÅ‘adÃ_kban. Az osztÃ¡ly kÃ©t percig csendben Ã_l, mielÅ‘tt a
professzor elmagyarÃ¡zza, hogyha senki sem jelentkezik, Å‘ fog felszÃ_lÃ_tani
valakit. 






















Milyen valÃ_szÃ_nÅ±nek tartod, hogy a professzor tÃ©ged
fog felszÃ_lÃ_tani? VÃ¡laszodat az alÃ¡bbi szÃ¡mok kÃ¶zÃ_l a megfelelÅ‘ kivÃ¡lasztÃ¡sÃ¡val
jelezd!","KÃ©rjÃ_k, figyelmesen olvasd el az utasÃ_tÃ¡sokat!
KÃ©pzeld el, hogy egy nagy elÅ‘adÃ_ban vagy pÃ¡r
szÃ¡z diÃ¡kkal Ã©s a terem kÃ¶zÃ©psÅ‘ rÃ©szÃ©n Ã_lsz, de a terem felÃ©nÃ©l kicsit tÃ¡volabb!
A professzor a kÃ¶telezÅ‘ olvasmÃ¡nyokrÃ_l kÃ©rdez valamit, de senki sem jelentkezik,
hogy vÃ¡laszoljon. Nem olvastad el a kÃ¶telezÅ‘ irodalmat, Ã©s biztos vagy benne,
hogy nem tudnÃ¡d megvÃ¡laszolni a kÃ©rdÃ©st. Az osztÃ¡ly kÃ©t percig csendben Ã_l,
mielÅ‘tt a professzor elmagyarÃ¡zza, hogyha senki sem jelentkezik, Å‘ fog
felszÃ_lÃ_tani valakit. 




















Milyen valÃ_szÃ_nÅ±nek tartod, hogy a professzor tÃ©ged
fog felszÃ_lÃ_tani VÃ¡laszodat az alÃ¡bbi szÃ¡mok kÃ¶zÃ_l a megfelelÅ‘ kivÃ¡lasztÃ¡sÃ¡val jelezd!","Ha egy diÃ¡k lennÃ©l abban az osztÃ¡lyban, amirÅ‘l
most olvastÃ¡l, milyen fontosnak tartanÃ¡d, hogy jÃ_l vÃ¡laszold meg a kÃ©rdÃ©seket?","Ha egy diÃ¡k lennÃ©l ebben az osztÃ¡lyban, mennyire
Ã©reznÃ©d magad rosszul, ha a professzor felszÃ_lÃ_tana, de nem tudnÃ¡l vÃ¡laszolni a
kÃ©rdÃ©sre?",mTurkCode,load,had.read"{""ImportId"":""startDate""}","{""ImportId"":""endDate""}","{""ImportId"":""status""}","{""ImportId"":""ipAddress""}","{""ImportId"":""progress""}","{""ImportId"":""duration""}","{""ImportId"":""finished""}","{""ImportId"":""recordedDate""}","{""ImportId"":""_recordId""}","{""ImportId"":""recipientLastName""}","{""ImportId"":""recipientFirstName""}","{""ImportId"":""recipientEmail""}","{""ImportId"":""externalDataReference""}","{""ImportId"":""locationLatitude""}","{""ImportId"":""locationLongitude""}","{""ImportId"":""distributionChannel""}","{""ImportId"":""QID59""}","{""ImportId"":""QID60""}","{""ImportId"":""QID44_1""}","{""ImportId"":""QID45_1""}","{""ImportId"":""QID28_TEXT""}","{""ImportId"":""QID29_1""}","{""ImportId"":""QID52_1""}","{""ImportId"":""QID53_1""}","{""ImportId"":""QID11_1""}","{""ImportId"":""QID14_1""}","{""ImportId"":""QID56_1""}","{""ImportId"":""QID58_1""}","{""ImportId"":""mTurkCode""}","{""ImportId"":""load""}","{""ImportId"":""had.read""}"2/28/17 10:26,2/28/17 10:27,0,157.181.60.140,100,83,1,2/28/17 10:27,R_3FOLtIrDKwpIDjL,,,,,47.5,19.08329773,anonymous,1,1,,,,,,,1,,7,10,423397,0,12/28/17 10:26,2/28/17 10:28,0,157.181.60.132,100,79,1,2/28/17 10:28,R_2AHEK96DnfMGYTH,,,,,47.5,19.08329773,anonymous,1,1,,,,,,,,3,8,7,423290,0,02/28/17 10:25,2/28/17 10:28,0,157.181.60.145,100,130,1,2/28/17 10:28,R_10TqfC4iZ7qsf2N,,,,,47.5,19.08329773,anonymous,1,1,,,,,,,5,,3,10,423436,0,12/28/17 10:25,2/28/17 10:28,0,157.181.60.152,100,181,1,2/28/17 10:28,R_2CJK8PMDbwC7l0I,,,,,47.5,19.08329773,anonymous,1,1,,,,,,,2,,5,3,423166,0,12/28/17 10:26,2/28/17 10:28,0,157.181.60.153,100,117,1,2/28/17 10:28,R_3oHEeQTzFY2fp5j,,,,,47.5,19.08329773,anonymous,1,1,,,,,,,,4,7,5,423692,0,02/28/17 10:25,2/28/17 10:28,0,157.181.60.150,100,178,1,2/28/17 10:28,R_qJgFzIG49W573BT,,,,,47.5,19.08329773,anonymous,1,1,3,,534,4,6,7,,,9,9,423796,1,12/28/17 10:25,2/28/17 10:29,0,157.181.60.136,100,223,1,2/28/17 10:29,R_wU9vUJAfOr2buuJ,,,,,47.5,19.08329773,anonymous,1,1,,,,,,,,2,7,5,423875,0,02/28/17 10:26,2/28/17 10:30,0,157.181.60.133,100,224,1,2/28/17 10:30,R_1GwR4T1ZAnLdYsF,,,,,47.5,19.08329773,anonymous,1,1,,5,537,3,8,8,,,6,6,423641,1,02/28/17 10:25,2/28/17 10:30,0,157.181.60.151,100,286,1,2/28/17 10:30,R_7WDMpd5IVyoBYJz,,,,,47.5,19.08329773,anonymous,1,1,,1,543,4,5,7,,,4,6,423575,1,02/28/17 10:26,2/28/17 10:30,0,157.181.60.154,100,250,1,2/28/17 10:30,R_3Gq9ojy8wrIASMn,,,,,47.5,19.08329773,anonymous,1,1,7,,423,4,5,6,,,7,7,423062,1,12/28/17 10:26,2/28/17 10:30,0,157.181.60.134,100,273,1,2/28/17 10:30,R_3GfRcM0TsUDiYzL,,,,,47.5,19.08329773,anonymous,1,1,2,,590,3,0,2,,,7,9,423818,1,12/28/17 10:26,2/28/17 10:31,0,157.181.60.137,100,298,1,2/28/17 10:31,R_1Owp4rFqLiZ6Srs,,,,,47.5,19.08329773,anonymous,1,1,2,,510,1,6,5,,,7,8,423944,1,12/28/17 10:26,2/28/17 10:31,0,157.181.60.148,100,304,1,2/28/17 10:31,R_1JVNrOxXDtJ6Mlk,,,,,47.5,19.08329773,anonymous,1,1,,1,537,4,8,9,,,10,2,423029,1,02/28/17 10:26,2/28/17 10:31,0,157.181.60.143,100,282,1,2/28/17 10:31,R_1MW1cPQnfkVTCwx,,,,,47.5,19.08329773,anonymous,1,1,,2,522,4,2,3,,,7,9,423270,1,02/28/17 10:26,2/28/17 10:32,0,157.181.60.142,100,335,1,2/28/17 10:32,R_3I6LpADzAjwMkIL,,,,,47.5,19.08329773,anonymous,1,1,5,,522,4,3,3,,,5,5,423389,1,12/28/17 10:27,2/28/17 10:32,0,157.181.60.141,100,304,1,2/28/17 10:32,R_1OuVZJBud61rK4S,,,,,47.5,19.08329773,anonymous,1,1,,3,500,1,6,5,,,6,9,423063,1,02/28/17 10:41,2/28/17 10:44,0,157.181.60.152,100,128,1,2/28/17 10:44,R_tXa0LAyU1Zm6Ewx,,,,,47.5,19.08329773,anonymous,1,1,,,,,,,1,,9,10,423675,0,12/28/17 10:43,2/28/17 10:44,0,157.181.60.148,100,72,1,2/28/17 10:44,R_2wyPVjwvXRN2AtK,,,,,47.5,19.08329773,anonymous,1,1,,,,,,,2,,5,3,423539,0,12/28/17 10:41,2/28/17 10:44,0,157.181.60.132,100,159,1,2/28/17 10:44,R_1qgGwg5j2jDHdqY,,,,,47.5,19.08329773,anonymous,1,1,,,,,,,2,,6,4,423051,0,12/28/17 10:41,2/28/17 10:44,0,157.181.60.134,100,156,1,2/28/17 10:44,R_1DIpvoDptpbvFM2,,,,,47.5,19.08329773,anonymous,1,1,,,,,,,,5,8,10,423047,0,02/28/17 10:41,2/28/17 10:45,0,157.181.60.136,100,188,1,2/28/17 10:45,R_3KvGKFCVaFBNal2,,,,,47.5,19.08329773,anonymous,1,1,,,,,,,,3,8,8,423731,0,02/28/17 10:43,2/28/17 10:45,0,157.181.60.151,100,128,1,2/28/17 10:45,R_24f68bvUOVgWSFm,,,,,47.5,19.08329773,anonymous,1,1,,,,,,,1,,8,9,423330,0,12/28/17 10:45,2/28/17 10:46,0,157.181.60.132,100,42,1,2/28/17 10:46,R_3PTBAdXs6G1uPxO,,,,,47.5,19.08329773,anonymous,1,1,,,,,,,,8,3,3,423209,0,02/28/17 10:41,2/28/17 10:46,0,157.181.60.142,100,302,1,2/28/17 10:47,R_W0ZcuwbrkPwJsWt,,,,,47.5,19.08329773,anonymous,1,1,,5,522,4,4,5,,,8,8,423614,1,02/28/17 10:41,2/28/17 10:47,0,157.181.60.140,100,315,1,2/28/17 10:47,R_1IKHOMTXVuyDPcz,,,,,47.5,19.08329773,anonymous,1,1,8,,549,4,6,7,,,10,10,423236,1,12/28/17 10:41,2/28/17 10:47,0,157.181.60.143,100,322,1,2/28/17 10:47,R_2tu8jeFEVsNJgAk,,,,,47.5,19.08329773,anonymous,1,1,3,,537,2,7,7,,,9,9,423771,1,12/28/17 10:41,2/28/17 10:47,0,157.181.60.150,100,339,1,2/28/17 10:47,R_2VDRleTpTp0w8pe,,,,,47.5,19.08329773,anonymous,1,1,,3,500,1,7,7,,,3,4,423551,1,02/28/17 10:43,2/28/17 10:48,0,157.181.60.153,100,298,1,2/28/17 10:48,R_117ORLb1SLKtaXI,,,,,47.5,19.08329773,anonymous,1,1,6,,492,0,10,9,,,8,9,423789,1,12/28/17 10:41,2/28/17 10:48,0,157.181.60.145,100,392,1,2/28/17 10:48,R_3iJ3mmjQA2Pao4O,,,,,47.5,19.08329773,anonymous,1,1,,6,504,4,7,6,,,6,9,423272,1,02/28/17 11:05,2/28/17 11:07,0,157.181.60.134,100,110,1,2/28/17 11:07,R_27OSFSSvgdPI59U,,,,,47.5,19.08329773,anonymous,1,1,,,,,,,,1,5,6,423760,0,02/28/17 11:06,2/28/17 11:08,0,157.181.60.140,100,107,1,2/28/17 11:08,R_25vjuB92iXNifGX,,,,,47.5,19.08329773,anonymous,1,1,,,,,,,4,,9,10,423577,0,12/28/17 11:05,2/28/17 11:08,0,157.181.60.136,100,141,1,2/28/17 11:08,R_3ff9tK3B32MJD5z,,,,,47.5,19.08329773,anonymous,1,1,,,,,,,1,,6,3,423984,0,12/28/17 11:06,2/28/17 11:08,0,157.181.60.150,100,139,1,2/28/17 11:08,R_2zI0ZXLK5rPKOkA,,,,,47.5,19.08329773,anonymous,1,1,,,,,,,,3,7,8,423265,0,02/28/17 11:06,2/28/17 11:08,0,157.181.60.132,100,141,1,2/28/17 11:08,R_UL1gPSxoROOzbpf,,,,,47.5,19.08329773,anonymous,1,1,,,,,,,,7,10,10,423907,0,02/28/17 11:06,2/28/17 11:08,0,157.181.60.153,100,163,1,2/28/17 11:08,R_xo7olNU0g20uwJr,,,,,47.5,19.08329773,anonymous,1,1,,,,,,,6,,8,8,423798,0,12/28/17 11:08,2/28/17 11:09,0,157.181.60.137,100,67,1,2/28/17 11:09,R_2P6FD0ESoPXBAGJ,,,,,47.5,19.08329773,anonymous,1,1,,,,,,,,7,5,5,423937,0,02/28/17 11:06,2/28/17 11:09,0,157.181.60.151,100,189,1,2/28/17 11:09,R_psiTN7KGt7nyf5v,,,,,47.5,19.08329773,anonymous,1,1,7,,531,3,4,5,,,8,10,423451,1,12/28/17 11:06,2/28/17 11:10,0,157.181.60.148,100,229,1,2/28/17 11:10,R_2TNaPQhmKb9kMCm,,,,,47.5,19.08329773,anonymous,1,1,,2,501,3,7,7,,,10,9,423214,1,02/28/17 11:06,2/28/17 11:10,0,157.181.60.142,100,249,1,2/28/17 11:10,R_32INaVDYN84Whqb,,,,,47.5,19.08329773,anonymous,1,1,,6,543,4,6,6,,,8,8,423626,1,02/28/17 11:07,2/28/17 11:10,0,157.181.60.152,100,203,1,2/28/17 11:10,R_2CxMqGUVa3BeCR2,,,,,47.5,19.08329773,anonymous,1,1,,1,514,4,6,7,,,3,5,423212,1,02/28/17 11:06,2/28/17 11:10,0,157.181.60.143,100,289,1,2/28/17 11:10,R_23VR41L6KN3Vz2N,,,,,47.5,19.08329773,anonymous,1,1,,2,540,2,6,6,,,8,9,423829,1,02/28/17 11:05,2/28/17 11:11,0,157.181.60.145,100,360,1,2/28/17 11:11,R_2cqnJxsDAbeWKiV,,,,,47.5,19.08329773,anonymous,1,1,3,,512,5,6,10,,,6,7,423885,1,12/28/17 11:06,2/28/17 11:12,0,157.181.60.133,100,361,1,2/28/17 11:12,R_3FWBuAArB2D3eBk,,,,,47.5,19.08329773,anonymous,1,1,3,,519,4,3,7,,,10,8,423671,1,12/28/17 11:32,2/28/17 11:33,0,157.181.60.132,100,62,1,2/28/17 11:33,R_1N21bMi5aJYgzut,,,,,47.5,19.08329773,anonymous,1,1,,,,,,,10,,6,8,423724,0,12/28/17 11:33,2/28/17 11:34,0,157.181.60.136,100,88,1,2/28/17 11:34,R_3KBIdMIlp5YqdCl,,,,,47.5,19.08329773,anonymous,1,1,,,,,,,,3,8,6,423902,0,02/28/17 11:33,2/28/17 11:35,0,157.181.60.143,100,153,1,2/28/17 11:35,R_2pXoXkCcQv8bKGU,,,,,47.5,19.08329773,anonymous,1,1,,,,,,,1,,3,8,423708,0,12/28/17 11:34,2/28/17 11:36,0,157.181.60.133,100,84,1,2/28/17 11:36,R_2Y31q4MsEVOcm9B,,,,,47.5,19.08329773,anonymous,1,1,,,,,,,,4,8,9,423410,0,02/28/17 11:32,2/28/17 11:36,0,157.181.60.148,100,231,1,2/28/17 11:36,R_3KTKpPiEoJVp3wd,,,,,47.5,19.08329773,anonymous,1,1,,,,,,,2,,6,4,423994,0,12/28/17 11:36,2/28/17 11:36,8,157.181.60.133,100,35,1,2/28/17 11:36,R_3lRotVj1j87i87U,,,,,47.5,19.08329773,anonymous,1,1,,,,,,,,4,8,9,423789,0,02/28/17 11:32,2/28/17 11:36,0,157.181.60.152,100,264,1,2/28/17 11:36,R_2YzfeNSuMnPedPM,,,,,47.5,19.08329773,anonymous,1,1,2,,540,3,3,5,,,7,2,423085,1,12/28/17 11:32,2/28/17 11:37,0,157.181.60.142,100,298,1,2/28/17 11:37,R_1Q6HPYhD6x2svPj,,,,,47.5,19.08329773,anonymous,1,1,,5,530,3,9,9,,,3,8,423655,1,02/28/17 11:32,2/28/17 11:37,0,157.181.60.145,100,324,1,2/28/17 11:37,R_20U0amcG5UZbkip,,,,,47.5,19.08329773,anonymous,1,1,2,,540,5,3,8,,,3,1,423682,1,12/28/17 11:33,2/28/17 11:39,0,157.181.60.134,100,383,1,2/28/17 11:39,R_1jWbEEw1LshSaX3,,,,,47.5,19.08329773,anonymous,1,1,,1,501,4,2,6,,,8,10,423918,1,02/28/17 12:01,2/28/17 12:03,0,157.181.60.136,100,135,1,2/28/17 12:03,R_3LcGnawER1gLrFM,,,,,47.5,19.08329773,anonymous,1,1,,,,,,,1,,4,9,423745,0,12/28/17 12:02,2/28/17 12:03,0,157.181.60.134,100,97,1,2/28/17 12:03,R_2b0PBHFQW2jOR6Q,,,,,47.5,19.08329773,anonymous,1,1,,,,,,,4,,8,8,423389,0,12/28/17 12:01,2/28/17 12:03,0,157.181.60.143,100,127,1,2/28/17 12:04,R_3hsWNYJjulDtuo2,,,,,47.5,19.08329773,anonymous,1,1,,,,,,,,3,7,8,423388,0,02/28/17 12:02,2/28/17 12:04,0,157.181.60.132,100,114,1,2/28/17 12:04,R_3iWEikK6bTr7I7K,,,,,47.5,19.08329773,anonymous,1,1,,,,,,,5,,7,10,423049,0,12/28/17 12:02,2/28/17 12:04,0,157.181.60.145,100,110,1,2/28/17 12:04,R_2VvVh49SGDbd0tb,,,,,47.5,19.08329773,anonymous,1,1,,,,,,,,1,8,7,423486,0,02/28/17 12:02,2/28/17 12:04,0,157.181.60.148,100,145,1,2/28/17 12:04,R_278zP4CkzCpezfu,,,,,47.5,19.08329773,anonymous,1,1,,,,,,,,2,8,8,423272,0,02/28/17 12:01,2/28/17 12:04,0,157.181.60.150,100,194,1,2/28/17 12:04,R_3ingfyFfrQ8tU7n,,,,,47.5,19.08329773,anonymous,1,1,,,,,,,1,,7,5,423883,0,12/28/17 12:02,2/28/17 12:05,0,157.181.60.152,100,195,1,2/28/17 12:05,R_ByJOFzI34Vlu1ax,,,,,47.5,19.08329773,anonymous,1,1,5,,540,6,7,7,,,8,8,423619,1,12/28/17 12:02,2/28/17 12:05,0,157.181.60.151,100,217,1,2/28/17 12:05,R_1GP0VgXdgUMoDLh,,,,,47.5,19.08329773,anonymous,1,1,6,,513,5,6,7,,,6,7,423171,1,12/28/17 12:01,2/28/17 12:05,0,157.181.60.142,100,258,1,2/28/17 12:05,R_xf6f1olCalwZSqR,,,,,47.5,19.08329773,anonymous,1,1,,5,546,2,6,6,,,6,8,423707,1,02/28/17 12:02,2/28/17 12:06,0,157.181.60.133,100,226,1,2/28/17 12:06,R_AiIGTRC2rQSkHYt,,,,,47.5,19.08329773,anonymous,1,1,,5,501,4,2,4,,,8,5,423520,1,02/28/17 12:01,2/28/17 12:06,0,157.181.60.153,100,287,1,2/28/17 12:06,R_2CvIFkl11gObOtm,,,,,47.5,19.08329773,anonymous,1,1,3,,519,4,6,7,,,9,8,423867,1,12/28/17 12:02,2/28/17 12:06,0,157.181.60.141,100,254,1,2/28/17 12:06,R_31Gwz1hRTTkPTZB,,,,,47.5,19.08329773,anonymous,1,1,,7,531,3,3,6,,,10,9,423775,1,02/28/17 12:02,2/28/17 12:06,0,157.181.60.137,100,253,1,2/28/17 12:06,R_2v0xVWdLBh3eWIp,,,,,47.5,19.08329773,anonymous,1,1,2,,537,5,8,6,,,6,8,423183,1,12/28/17 12:02,2/28/17 12:09,0,157.181.60.154,100,410,1,2/28/17 12:09,R_2pRAtizHMrlaCly,,,,,47.5,19.08329773,anonymous,1,1,4,,512,5,3,4,,,6,9,423435,1,12/28/17 12:24,2/28/17 12:26,0,157.181.60.134,100,120,1,2/28/17 12:26,R_bK5uKppk8g5a25j,,,,,47.5,19.08329773,anonymous,1,1,,,,,,,5,,6,7,423742,0,12/28/17 12:24,2/28/17 12:26,0,157.181.60.153,100,112,1,2/28/17 12:26,R_1K3AEysdRaJrBII,,,,,47.5,19.08329773,anonymous,1,1,,,,,,,1,,9,8,423896,0,12/28/17 12:24,2/28/17 12:26,0,157.181.60.148,100,136,1,2/28/17 12:26,R_2e2vjHqNi4vjY33,,,,,47.5,19.08329773,anonymous,1,1,,,,,,,2,,4,8,423423,0,12/28/17 12:23,2/28/17 12:26,0,157.181.60.145,100,187,1,2/28/17 12:26,R_2Soyg4mM8AjqbEQ,,,,,47.5,19.08329773,anonymous,1,1,,,,,,,,7,6,10,423017,0,02/28/17 12:24,2/28/17 12:26,0,157.181.60.154,100,130,1,2/28/17 12:26,R_3n7cIcqGEqkW6y1,,,,,47.5,19.08329773,anonymous,1,1,,,,,,,,6,5,7,423187,0,02/28/17 12:24,2/28/17 12:26,0,157.181.60.141,100,132,1,2/28/17 12:26,R_2YY7q2K5MR8U4da,,,,,47.5,19.08329773,anonymous,1,1,,,,,,,,7,9,10,423877,0,02/28/17 12:24,2/28/17 12:26,0,157.181.60.142,100,146,1,2/28/17 12:26,R_2aPIhpXWUDSOoln,,,,,47.5,19.08329773,anonymous,1,1,,,,,,,,8,4,9,423291,0,02/28/17 12:24,2/28/17 12:26,0,157.181.60.152,100,163,1,2/28/17 12:27,R_sdKyr9a8tgRMgJr,,,,,47.5,19.08329773,anonymous,1,1,,,,,,,,3,5,10,423702,0,02/28/17 12:24,2/28/17 12:27,0,157.181.60.143,100,182,1,2/28/17 12:27,R_Rmnm2riCDMoBMmB,,,,,47.5,19.08329773,anonymous,1,1,,,,,,,2,,8,9,423897,0,12/28/17 12:24,2/28/17 12:27,0,157.181.60.132,100,205,1,2/28/17 12:27,R_3ReKDOmBGWJKR5W,,,,,47.5,19.08329773,anonymous,1,1,,5,531,5,7,9,,,10,9,423980,1,02/28/17 12:24,2/28/17 12:28,0,157.181.60.151,100,221,1,2/28/17 12:28,R_zVBuxEBmMwhxQPv,,,,,47.5,19.08329773,anonymous,1,1,,3,537,5,4,6,,,10,10,423575,1,02/28/17 12:24,2/28/17 12:28,0,157.181.60.133,100,221,1,2/28/17 12:28,R_1pLvh5OQlbdWmqy,,,,,47.5,19.08329773,anonymous,1,1,5,,541,5,10,10,,,10,7,423231,1,12/28/17 12:24,2/28/17 12:29,0,157.181.60.150,100,271,1,2/28/17 12:29,R_1LMxz7zcCXybUJW,,,,,47.5,19.08329773,anonymous,1,1,,5,535,3,8,8,,,10,10,423047,1,02/28/17 12:24,2/28/17 12:29,0,157.181.60.146,100,284,1,2/28/17 12:29,R_29dnhQClcDZRlP7,,,,,47.5,19.08329773,anonymous,1,1,4,,524,5,7,7,,,5,7,423101,1,12/28/17 12:25,2/28/17 12:29,0,157.181.60.136,100,274,1,2/28/17 12:29,R_BMwVgojM1kuYVUt,,,,,47.5,19.08329773,anonymous,1,1,,6,497,4,5,7,,,8,8,423084,1,02/28/17 12:24,2/28/17 12:31,0,157.181.60.137,100,384,1,2/28/17 12:31,R_3DnKdJEXzm9F7Hu,,,,,47.5,19.08329773,anonymous,1,1,,0,561,2,2,8,,,1,7,423506,1,02/28/17 12:25,2/28/17 12:32,0,157.181.60.140,100,421,1,2/28/17 12:32,R_3ehfIbYbhwaPiKt,,,,,47.5,19.08329773,anonymous,1,1,5,,525,2,6,6,,,6,5,423806,1,12/28/17 12:47,2/28/17 12:49,0,157.181.60.133,100,119,1,2/28/17 12:49,R_3G2IsglVxaiyj6Z,,,,,47.5,19.08329773,anonymous,1,1,,,,,,,,7,5,5,423174,0,02/28/17 12:47,2/28/17 12:49,0,157.181.60.145,100,129,1,2/28/17 12:49,R_3fSGNcVGTdpIvxe,,,,,47.5,19.08329773,anonymous,1,1,,,,,,,4,,9,5,423296,0,12/28/17 12:47,2/28/17 12:49,0,157.181.60.151,100,117,1,2/28/17 12:49,R_3MlLLeE7nIYedge,,,,,47.5,19.08329773,anonymous,1,1,,,,,,,1,,6,5,423853,0,12/28/17 12:47,2/28/17 12:49,0,157.181.60.150,100,135,1,2/28/17 12:49,R_3Pul81us4LrVv0O,,,,,47.5,19.08329773,anonymous,1,1,,,,,,,2,,8,7,423082,0,12/28/17 12:47,2/28/17 12:49,0,157.181.60.154,100,132,1,2/28/17 12:49,R_2UgfSMofzCWkrFD,,,,,47.5,19.08329773,anonymous,1,1,,,,,,,,2,8,9,423377,0,02/28/17 12:47,2/28/17 12:49,0,157.181.60.141,100,167,1,2/28/17 12:50,R_3QQONBm8rad1ZdH,,,,,47.5,19.08329773,anonymous,1,1,,,,,,,1,,8,7,423616,0,12/28/17 12:47,2/28/17 12:50,0,157.181.60.137,100,174,1,2/28/17 12:50,R_eXUCPfi09jC1V4Z,,,,,47.5,19.08329773,anonymous,1,1,,,,,,,,1,3,3,423537,0,02/28/17 12:49,2/28/17 12:50,0,157.181.60.140,100,73,1,2/28/17 12:50,R_tWZSdC5T7QmsjMB,,,,,47.5,19.08329773,anonymous,1,1,,,,,,,5,,8,9,423460,0,12/28/17 12:46,2/28/17 12:51,0,157.181.60.148,100,250,1,2/28/17 12:51,R_2q1SCkAj479DyLL,,,,,47.5,19.08329773,anonymous,1,1,5,,551,1,10,8,,,5,7,423452,1,12/28/17 12:47,2/28/17 12:51,0,157.181.60.143,100,246,1,2/28/17 12:51,R_1rOHmTYFSpkkgyl,,,,,47.5,19.08329773,anonymous,1,1,,1,542,1,7,8,,,5,6,423613,1,02/28/17 12:47,2/28/17 12:52,0,157.181.60.134,100,283,1,2/28/17 12:52,R_25HJkfSLe0A8rjA,,,,,47.5,19.08329773,anonymous,1,1,5,,522,4,6,6,,,8,7,423142,1,12/28/17 12:46,2/28/17 12:52,0,157.181.60.132,100,334,1,2/28/17 12:52,R_8jlGh87XSefzbcB,,,,,47.5,19.08329773,anonymous,1,1,8,,545,3,7,7,,,10,10,423958,1,12/28/17 12:46,2/28/17 12:53,0,157.181.60.153,100,372,1,2/28/17 12:53,R_1P1A8PcMFeRyXJk,,,,,47.5,19.08329773,anonymous,1,1,,3,526,5,9,7,,,3,6,423184,1,02/28/17 12:48,2/28/17 12:53,0,157.181.60.152,100,319,1,2/28/17 12:53,R_2bOAlHzF7V7YoL2,,,,,47.5,19.08329773,anonymous,1,1,,3,531,4,5,8,,,6,8,423479,1,02/28/17 12:47,2/28/17 12:54,0,157.181.60.136,100,408,1,2/28/17 12:54,R_1IfHMSlz1x66PZY,,,,,47.5,19.08329773,anonymous,1,1,2,,463,1,9,4,,,2,2,423332,1,13/2/17 17:20,3/2/17 17:22,0,157.181.60.132,100,123,1,3/2/17 17:22,R_sOmYQIUGIOAmKOJ,,,,,47.5,19.08329773,anonymous,1,1,,,,,,,,3,7,10,423562,0,03/2/17 17:20,3/2/17 17:22,0,157.181.60.136,100,127,1,3/2/17 17:22,R_3Pz5wnnnvJS4Q0U,,,,,47.5,19.08329773,anonymous,1,1,,,,,,,,0,6,7,423570,0,03/2/17 17:21,3/2/17 17:22,0,157.181.60.140,100,98,1,3/2/17 17:22,R_1MMMZ3DG1h3hyS8,,,,,47.5,19.08329773,anonymous,1,1,,,,,,,1,,3,6,423156,0,13/2/17 17:20,3/2/17 17:22,0,157.181.60.150,100,143,1,3/2/17 17:22,R_1hPQWZidFytYRti,,,,,47.5,19.08329773,anonymous,1,1,,,,,,,3,,7,9,423381,0,13/2/17 17:21,3/2/17 17:22,0,157.181.60.134,100,72,1,3/2/17 17:22,R_yjysoOmPKNjBJUB,,,,,47.5,19.08329773,anonymous,1,1,,,,,,,,6,5,4,423034,0,03/2/17 17:20,3/2/17 17:23,0,157.181.60.145,100,150,1,3/2/17 17:23,R_T0N58yPc4ADcA93,,,,,47.5,19.08329773,anonymous,1,1,,,,,,,3,,8,3,423637,0,13/2/17 17:19,3/2/17 17:23,0,157.181.60.151,100,237,1,3/2/17 17:23,R_20YYdaCmUjh7hxK,,,,,47.5,19.08329773,anonymous,1,1,,5,545,1,7,2,,,7,8,423449,1,03/2/17 17:22,3/2/17 17:23,0,157.181.60.143,100,92,1,3/2/17 17:23,R_3PUhQlGrOYAkFnD,,,,,47.5,19.08329773,anonymous,1,1,,,,,,,1,,10,10,423685,0,13/2/17 17:20,3/2/17 17:24,0,157.181.60.141,100,211,1,3/2/17 17:24,R_1LAVEgyDUMxTA2c,,,,,47.5,19.08329773,anonymous,1,1,3,,543,2,8,6,,,6,6,423938,1,13/2/17 17:20,3/2/17 17:24,0,157.181.60.153,100,229,1,3/2/17 17:24,R_T1R20Zd5duZbACl,,,,,47.5,19.08329773,anonymous,1,1,4,,551,1,8,4,,,5,6,423544,1,13/2/17 17:23,3/2/17 17:24,8,157.181.60.134,100,41,1,3/2/17 17:24,R_2tkX0ZlgjKw1Kzh,,,,,47.5,19.08329773,anonymous,1,1,,,,,,,,6,5,4,423049,0,03/2/17 17:20,3/2/17 17:25,0,157.181.60.154,100,273,1,3/2/17 17:25,R_3FL1z7LsfMGpZJY,,,,,47.5,19.08329773,anonymous,1,1,,7,449,2,7,7,,,8,8,423909,1,03/2/17 17:19,3/2/17 17:25,0,157.181.60.148,100,375,1,3/2/17 17:25,R_uwvyWnGpJhpBoop,,,,,47.5,19.08329773,anonymous,1,1,3,,517,2,6,6,,,4,3,423695,1,13/2/17 17:19,3/2/17 17:25,0,157.181.60.142,100,385,1,3/2/17 17:25,R_2ZCzhEHPaOy1RTI,,,,,47.5,19.08329773,anonymous,1,1,,3,522,5,7,7,,,8,6,423822,1,03/2/17 17:23,3/2/17 17:25,0,157.181.60.133,100,125,1,3/2/17 17:25,R_2ZKP26ORozYrDop,,,,,47.5,19.08329773,anonymous,1,1,,2,529,1,10,10,,,5,8,423731,1,03/2/17 17:20,3/2/17 17:26,0,157.181.60.152,100,372,1,3/2/17 17:26,R_2BkykzYecrS75Dm,,,,,47.5,19.08329773,anonymous,1,1,,1,510,3,3,4,,,9,10,423305,1,03/2/17 17:20,3/2/17 17:22,0,157.181.60.137,100,114,1,3/2/17 17:37,R_1f6EqO3yfgg1kch,,,,,47.5,19.08329773,anonymous,1,1,,,,,,,,1,3,7,423975,0,03/2/17 17:42,3/2/17 17:43,0,157.181.60.136,100,59,1,3/2/17 17:43,R_3KNtdAefTzGZZj4,,,,,47.5,19.08329773,anonymous,1,1,,,,,,,,3,7,8,423711,0,03/2/17 17:41,3/2/17 17:43,0,157.181.60.133,100,111,1,3/2/17 17:43,R_2bQohK6j7wIeQNC,,,,,47.5,19.08329773,anonymous,1,1,,,,,,,,2,8,10,423479,0,03/2/17 17:42,3/2/17 17:43,0,157.181.60.150,100,101,1,3/2/17 17:43,R_bjCQW2RNFRUZwBz,,,,,47.5,19.08329773,anonymous,1,1,,,,,,,,2,9,8,423602,0,03/2/17 17:41,3/2/17 17:43,0,157.181.60.154,100,136,1,3/2/17 17:43,R_1rfuIfJvIKmruEd,,,,,47.5,19.08329773,anonymous,1,1,,,,,,,2,,8,5,423894,0,13/2/17 17:41,3/2/17 17:44,0,157.181.60.153,100,171,1,3/2/17 17:44,R_2B9heTRF8E3jnjc,,,,,47.5,19.08329773,anonymous,1,1,,,,,,,0,,8,9,423802,0,13/2/17 17:41,3/2/17 17:44,0,157.181.60.145,100,178,1,3/2/17 17:44,R_2tgMP2QpM6kNefP,,,,,47.5,19.08329773,anonymous,1,1,4,,512,2,6,6,,,5,5,423538,1,13/2/17 17:41,3/2/17 17:45,0,157.181.60.134,100,251,1,3/2/17 17:45,R_0jLy9EsWThNtUUp,,,,,47.5,19.08329773,anonymous,1,1,3,,531,4,6,7,,,5,7,423593,1,13/2/17 17:41,3/2/17 17:45,0,157.181.60.140,100,244,1,3/2/17 17:45,R_1fabEcoLU6FLQmu,,,,,47.5,19.08329773,anonymous,1,1,8,,527,1,9,9,,,3,10,423149,1,13/2/17 17:44,3/2/17 17:46,0,157.181.60.150,100,117,1,3/2/17 17:46,R_2PqkqPbTiU6qdZk,,,,,47.5,19.08329773,anonymous,1,1,,,,,,,2,,9,9,423928,0,13/2/17 17:41,3/2/17 17:46,0,157.181.60.148,100,301,1,3/2/17 17:46,R_3P7vPH2kzosJOKd,,,,,47.5,19.08329773,anonymous,1,1,,4,538,5,3,5,,,4,8,423857,1,03/2/17 17:42,3/2/17 17:47,0,157.181.60.142,100,311,1,3/2/17 17:47,R_UElVZL8BrW4n9f3,,,,,47.5,19.08329773,anonymous,1,1,,5,520,2,8,5,,,10,8,423344,1,03/2/17 17:41,3/2/17 17:47,0,157.181.60.152,100,351,1,3/2/17 17:47,R_1g2fLGAJN4fSk7I,,,,,47.5,19.08329773,anonymous,1,1,,4,532,5,9,9,,,7,9,423716,1,03/2/17 17:41,3/2/17 17:47,0,157.181.60.132,100,364,1,3/2/17 17:47,R_2vkK3CDo6TCx2UC,,,,,47.5,19.08329773,anonymous,1,1,3,,549,1,8,8,,,8,8,423534,1,13/2/17 18:06,3/2/17 18:08,0,157.181.60.141,100,96,1,3/2/17 18:08,R_3CJ9A6jKeRBsFYh,,,,,47.5,19.08329773,anonymous,1,1,,,,,,,,2,8,10,423704,0,03/2/17 18:07,3/2/17 18:08,0,157.181.60.143,100,66,1,3/2/17 18:08,R_2t3jCrcsf0cmwij,,,,,47.5,19.08329773,anonymous,1,1,,,,,,,5,,9,9,423781,0,13/2/17 18:07,3/2/17 18:08,0,157.181.60.153,100,76,1,3/2/17 18:08,R_5tcVmtLAnevIEpj,,,,,47.5,19.08329773,anonymous,1,1,,,,,,,,1,8,2,423931,0,03/2/17 18:07,3/2/17 18:09,0,157.181.60.132,100,127,1,3/2/17 18:09,R_32X7spl6VAYpIE2,,,,,47.5,19.08329773,anonymous,1,1,,,,,,,3,,10,9,423761,0,13/2/17 18:07,3/2/17 18:09,0,157.181.60.137,100,145,1,3/2/17 18:09,R_3ISMZZetR2joxuw,,,,,47.5,19.08329773,anonymous,1,1,,,,,,,0,,5,5,423970,0,13/2/17 18:08,3/2/17 18:09,0,157.181.60.147,100,79,1,3/2/17 18:09,R_1jGQnJbarqHldkX,,,,,47.5,19.08329773,anonymous,1,1,,,,,,,,6,4,8,423848,0,03/2/17 18:08,3/2/17 18:09,0,157.181.60.133,100,94,1,3/2/17 18:09,R_1CpcCKajOBsoJO2,,,,,47.5,19.08329773,anonymous,1,1,,,,,,,,5,9,9,423541,0,03/2/17 18:08,3/2/17 18:10,0,157.181.60.134,100,151,1,3/2/17 18:10,R_12g3DPGZmgZ6W51,,,,,47.5,19.08329773,anonymous,1,1,,,,,,,0,,5,7,423176,0,13/2/17 18:07,3/2/17 18:10,0,157.181.60.148,100,212,1,3/2/17 18:10,R_3Ny44KjCjXcgeva,,,,,47.5,19.08329773,anonymous,1,1,,,,,,,,1,8,10,423468,0,03/2/17 18:07,3/2/17 18:10,0,157.181.60.151,100,217,1,3/2/17 18:10,R_cCmqqiisAXIZ6bn,,,,,47.5,19.08329773,anonymous,1,1,5,,561,3,1,1,,,10,10,423394,1,13/2/17 18:07,3/2/17 18:11,0,157.181.60.152,100,229,1,3/2/17 18:11,R_3qfkJ6WGK7VW300,,,,,47.5,19.08329773,anonymous,1,1,,5,549,5,7,8,,,5,7,423931,1,03/2/17 18:07,3/2/17 18:11,0,157.181.60.154,100,248,1,3/2/17 18:11,R_31N8LPIy0pv6xtx,,,,,47.5,19.08329773,anonymous,1,1,4,,501,1,5,7,,,8,9,423130,1,13/2/17 18:07,3/2/17 18:11,0,157.181.60.140,100,213,1,3/2/17 18:11,R_22zTUR455DCKdkB,,,,,47.5,19.08329773,anonymous,1,1,1,,501,2,6,6,,,6,7,423357,1,13/2/17 18:07,3/2/17 18:11,0,157.181.60.136,100,260,1,3/2/17 18:11,R_0euJyZzacrv9wmR,,,,,47.5,19.08329773,anonymous,1,1,6,,543,2,10,8,,,7,8,423654,1,13/2/17 18:06,3/2/17 18:11,0,157.181.60.150,100,292,1,3/2/17 18:11,R_1Tc36QT1gQ1vNHb,,,,,47.5,19.08329773,anonymous,1,1,,2,540,1,4,4,,,5,2,423431,1,03/2/17 18:06,3/2/17 18:12,0,157.181.60.145,100,339,1,3/2/17 18:12,R_1o6d1RCpBWu0af8,,,,,47.5,19.08329773,anonymous,1,1,,7,535,2,8,7,,,6,6,423754,1,03/2/17 18:07,3/2/17 18:12,0,157.181.60.142,100,314,1,3/2/17 18:12,R_3DeCDhb9KX3L8GY,,,,,47.5,19.08329773,anonymous,1,1,,4,546,2,7,6,,,8,10,423571,1,03/2/17 18:31,3/2/17 18:32,0,157.181.60.145,100,74,1,3/2/17 18:32,R_3PLilZwqJRAD4an,,,,,47.5,19.08329773,anonymous,1,1,,,,,,,5,,9,2,423849,0,13/2/17 18:31,3/2/17 18:32,0,157.181.60.136,100,64,1,3/2/17 18:32,R_1oASvgUyDKSFWGD,,,,,47.5,19.08329773,anonymous,1,1,,,,,,,,3,2,3,423515,0,03/2/17 18:31,3/2/17 18:33,0,157.181.60.143,100,94,1,3/2/17 18:33,R_b30z4mmd3xvHTIl,,,,,47.5,19.08329773,anonymous,1,1,,,,,,,,2,5,8,423046,0,03/2/17 18:32,3/2/17 18:33,0,157.181.60.133,100,68,1,3/2/17 18:33,R_yJSRbIPBA50pCQ9,,,,,47.5,19.08329773,anonymous,1,1,,,,,,,3,,5,3,423184,0,13/2/17 18:31,3/2/17 18:33,0,157.181.60.134,100,127,1,3/2/17 18:33,R_yIvHJNnMWcPwhIR,,,,,47.5,19.08329773,anonymous,1,1,,,,,,,2,,8,10,423358,0,13/2/17 18:31,3/2/17 18:34,0,157.181.60.132,100,150,1,3/2/17 18:34,R_3RmYjJ1GLqMPwbV,,,,,47.5,19.08329773,anonymous,1,1,1,,545,2,3,2,,,1,8,423996,1,13/2/17 18:31,3/2/17 18:34,0,157.181.60.152,100,194,1,3/2/17 18:34,R_3qkDkh1rAsTQqPk,,,,,47.5,19.08329773,anonymous,1,1,8,,516,3,8,7,,,9,9,423864,1,13/2/17 18:31,3/2/17 18:34,0,157.181.60.141,100,205,1,3/2/17 18:34,R_885QtAXzx8VR5Dz,,,,,47.5,19.08329773,anonymous,1,1,,1,501,3,6,6,,,7,8,423180,1,03/2/17 18:34,3/2/17 18:35,0,157.181.60.145,100,36,1,3/2/17 18:35,R_3JJZAVMHpZ5Q91x,,,,,47.5,19.08329773,anonymous,1,1,,,,,,,,5,9,2,423635,0,03/2/17 18:31,3/2/17 18:35,0,157.181.60.148,100,235,1,3/2/17 18:35,R_RJ2V42GQS7aVMcN,,,,,47.5,19.08329773,anonymous,1,1,,6,531,5,8,8,,,7,6,423493,1,03/2/17 18:31,3/2/17 18:35,0,157.181.60.151,100,251,1,3/2/17 18:35,R_3CBOoAblQUee0JP,,,,,47.5,19.08329773,anonymous,1,1,,3,510,4,5,6,,,2,6,423424,1,03/2/17 18:31,3/2/17 18:36,0,157.181.60.150,100,269,1,3/2/17 18:36,R_BFkhmuuAiWCb6wN,,,,,47.5,19.08329773,anonymous,1,1,4,,522,5,4,6,,,4,3,423676,1,13/2/17 18:59,3/2/17 19:00,0,157.181.60.143,100,97,1,3/2/17 19:00,R_1PYTQBNQ26EtOQU,,,,,47.5,19.08329773,anonymous,1,1,,,,,,,1,,5,3,423393,0,13/2/17 18:59,3/2/17 19:01,0,157.181.60.136,100,95,1,3/2/17 19:01,R_1GUh5lZtNuvDIyz,,,,,47.5,19.08329773,anonymous,1,1,,,,,,,,1,7,10,423856,0,03/2/17 18:59,3/2/17 19:01,0,157.181.60.134,100,156,1,3/2/17 19:01,R_28ClehtmZPjR1Qu,,,,,47.5,19.08329773,anonymous,1,1,,,,,,,8,,10,10,423413,0,13/2/17 19:00,3/2/17 19:02,0,157.181.60.137,100,114,1,3/2/17 19:02,R_27Px7KMWH3uyjCM,,,,,47.5,19.08329773,anonymous,1,1,,,,,,,1,,5,7,423458,0,13/2/17 19:00,3/2/17 19:02,0,157.181.60.140,100,133,1,3/2/17 19:02,R_1pWGtvbMdZhIEmV,,,,,47.5,19.08329773,anonymous,1,1,,,,,,,,4,6,7,423126,0,03/2/17 19:00,3/2/17 19:02,0,157.181.60.141,100,156,1,3/2/17 19:02,R_1rjowiekBg3PjzN,,,,,47.5,19.08329773,anonymous,1,1,,2,524,2,5,5,,,8,6,423941,1,03/2/17 18:59,3/2/17 19:03,0,157.181.60.133,100,230,1,3/2/17 19:03,R_77BlJDWwZ1zIrRv,,,,,47.5,19.08329773,anonymous,1,1,5,,537,3,5,5,,,4,7,423515,1,13/2/17 18:59,3/2/17 19:04,0,157.181.60.145,100,307,1,3/2/17 19:05,R_3m31P4OeiTbULsm,,,,,47.5,19.08329773,anonymous,1,1,,5,534,3,8,8,,,8,2,423065,1,03/2/17 19:01,3/2/17 19:06,0,157.181.60.142,100,294,1,3/2/17 19:06,R_2zjMrYgQJRuTQA3,,,,,47.5,19.08329773,anonymous,1,1,,6,543,1,10,8,,,10,8,423794,1,03/2/17 18:59,3/2/17 19:06,0,157.181.60.152,100,410,1,3/2/17 19:06,R_1gToR5q44HeVLTX,,,,,47.5,19.08329773,anonymous,1,1,5,,855,2,9,9,,,8,7,423961,1,13/2/17 17:20,3/2/17 17:23,0,157.181.60.133,36,169,0,3/2/17 21:23,R_1l9SAGU0QP9cwrv,,,,,,,anonymous,1,1,2,,,,,,,,,,423283,1,13/3/17 17:21,3/3/17 17:22,0,157.181.60.179,100,69,1,3/3/17 17:22,R_DdEGILYHsMQW7y9,,,,,47.5,19.08329773,anonymous,1,1,,,,,,,,0,7,8,423730,0,03/3/17 17:19,3/3/17 17:22,0,157.181.60.184,100,186,1,3/3/17 17:22,R_3maBDhqANearIeV,,,,,47.5,19.08329773,anonymous,1,1,,,,,,,,7,5,8,423755,0,03/3/17 17:19,3/3/17 17:22,0,157.181.61.149,100,207,1,3/3/17 17:22,R_0kZxLN60ujeVgsh,,,,,47.5,19.08329773,anonymous,1,1,,,,,,,,2,10,7,423734,0,03/3/17 17:19,3/3/17 17:22,0,157.181.61.153,100,195,1,3/3/17 17:22,R_3kiEpdggi5mFF9m,,,,,47.5,19.08329773,anonymous,1,1,,,,,,,1,,10,10,423827,0,13/3/17 17:19,3/3/17 17:22,0,157.181.61.140,100,214,1,3/3/17 17:22,R_3n0ip6ywEFvMDyH,,,,,47.5,19.08329773,anonymous,1,1,,,,,,,1,,9,10,423233,0,13/3/17 17:19,3/3/17 17:22,0,157.181.61.150,100,194,1,3/3/17 17:23,R_2aVtNX3kJribLBa,,,,,47.5,19.08329773,anonymous,1,1,,,,,,,5,,7,6,423849,0,13/3/17 17:20,3/3/17 17:23,0,157.181.61.142,100,144,1,3/3/17 17:23,R_269ZcUCQRHjuwH7,,,,,47.5,19.08329773,anonymous,1,1,,,,,,,,4,8,10,423133,0,03/3/17 17:22,3/3/17 17:23,0,157.181.60.191,100,73,1,3/3/17 17:23,R_123koEHhrzoDR4d,,,,,47.5,19.08329773,anonymous,1,1,,,,,,,1,,10,8,423477,0,13/3/17 17:19,3/3/17 17:23,0,157.181.61.148,100,266,1,3/3/17 17:23,R_1MTkBuwOd6EflFe,,,,,47.5,19.08329773,anonymous,1,1,3,,528,5,10,9,,,8,9,423836,1,13/3/17 17:19,3/3/17 17:24,0,157.181.61.147,100,290,1,3/3/17 17:24,R_By71KqJss4SctXj,,,,,47.5,19.08329773,anonymous,1,1,,5,552,2,5,4,,,6,10,423865,1,03/3/17 17:20,3/3/17 17:24,0,157.181.60.144,100,283,1,3/3/17 17:24,R_1OHbxAfr1GSKpKG,,,,,47.5,19.08329773,anonymous,1,1,5,,549,3,7,3,,,5,5,423562,1,13/3/17 17:19,3/3/17 17:24,0,157.181.60.185,100,339,1,3/3/17 17:24,R_2DN5smr567CoqYU,,,,,47.5,19.08329773,anonymous,1,1,4,,539,5,9,8,,,10,8,423668,1,13/3/17 17:20,3/3/17 17:25,0,157.181.61.152,100,309,1,3/3/17 17:25,R_24eLuwhwZxytcUz,,,,,47.5,19.08329773,anonymous,1,1,,5,532,1,9,8,,,8,9,423153,1,03/3/17 17:19,3/3/17 17:25,0,157.181.61.141,100,372,1,3/3/17 17:25,R_12z1IGbnck0ewWL,,,,,47.5,19.08329773,anonymous,1,1,5,,525,4,6,5,,,8,5,423066,1,13/3/17 17:19,3/3/17 17:25,0,157.181.61.151,100,372,1,3/3/17 17:25,R_30iPx6oLVhQxnUb,,,,,47.5,19.08329773,anonymous,1,1,,2,522,5,8,7,,,8,6,423311,1,03/3/17 17:19,3/3/17 17:26,0,157.181.60.192,100,416,1,3/3/17 17:26,R_1fa8wt2sekinwRq,,,,,47.5,19.08329773,anonymous,1,1,,5,534,5,4,9,,,8,4,423882,1,03/3/17 17:44,3/3/17 17:46,0,157.181.60.144,100,122,1,3/3/17 17:46,R_VLmlsp4xiUwnOWR,,,,,47.5,19.08329773,anonymous,1,1,,,,,,,4,,7,6,423456,0,13/3/17 17:42,3/3/17 17:46,0,157.181.61.149,100,258,1,3/3/17 17:46,R_3QE5pCDFKoSbqNC,,,,,47.5,19.08329773,anonymous,1,1,6,,530,6,3,7,,,5,2,423346,1,13/3/17 17:43,3/3/17 17:47,0,157.181.61.141,100,255,1,3/3/17 17:47,R_3scWPMKQ9IyJBX6,,,,,47.5,19.08329773,anonymous,1,1,,5,501,6,9,9,,,6,5,423481,1,03/3/17 17:42,3/3/17 17:48,0,157.181.61.147,100,380,1,3/3/17 17:48,R_12l4VZ1ujpCiigL,,,,,47.5,19.08329773,anonymous,1,1,5,,546,4,8,7,,,5,6,423413,1,13/3/17 18:07,3/3/17 18:09,0,157.181.61.147,100,76,1,3/3/17 18:09,R_UFsyESIdc0IFh8B,,,,,47.5,19.08329773,anonymous,1,1,,,,,,,,2,7,3,423367,0,03/3/17 18:07,3/3/17 18:09,0,157.181.61.150,100,96,1,3/3/17 18:09,R_Xv3Oi2MlAomVlkd,,,,,47.5,19.08329773,anonymous,1,1,,,,,,,3,,10,10,423733,0,13/3/17 18:07,3/3/17 18:11,0,157.181.61.148,100,214,1,3/3/17 18:11,R_27iY0tP0cfpQYIe,,,,,47.5,19.08329773,anonymous,1,1,,4,549,0,10,8,,,6,8,423091,1,03/3/17 18:07,3/3/17 18:12,0,157.181.61.149,100,255,1,3/3/17 18:12,R_33w2l7lvkQUmf5O,,,,,47.5,19.08329773,anonymous,1,1,4,,541,5,9,7,,,8,7,423142,1,13/3/17 18:18,3/3/17 18:20,0,157.181.61.150,100,125,1,3/3/17 18:20,R_3fkl2D0Lyfvu7vO,,,,,47.5,19.08329773,anonymous,1,1,,,,,,,,3,9,8,423930,0,03/6/17 8:43,3/6/17 8:45,0,157.181.60.152,100,87,1,3/6/17 8:45,R_3kvx22DBxV0heuy,,,,,47.5,19.08329773,anonymous,1,1,,,,,,,,6,6,8,423611,0,03/6/17 9:08,3/6/17 9:09,0,157.181.60.148,100,107,1,3/6/17 9:09,R_2uWp8HzXHsbYFAd,,,,,47.5,19.08329773,anonymous,1,1,,,,,,,2,,8,3,423441,0,13/6/17 9:06,3/6/17 9:11,0,157.181.60.149,100,252,1,3/6/17 9:11,R_2X722cA4egxb3Qc,,,,,47.5,19.08329773,anonymous,1,1,,5,552,3,6,5,,,5,5,423805,1,03/6/17 9:06,3/6/17 9:12,0,157.181.60.152,100,349,1,3/6/17 9:12,R_3lRMkn1nxTZxe40,,,,,47.5,19.08329773,anonymous,1,1,1,,513,3,2,3,,,6,8,423041,1,13/6/17 9:11,3/6/17 9:13,0,157.181.60.141,100,103,1,3/6/17 9:13,R_2wEl2QzdIyZ9hp8,,,,,47.5,19.08329773,anonymous,1,1,,,,,,,2,,8,5,423485,0,13/6/17 9:13,3/6/17 9:17,0,157.181.60.145,100,234,1,3/6/17 9:17,R_263zw1qarR17YYS,,,,,47.5,19.08329773,anonymous,1,1,,7,540,4,8,8,,,8,7,423706,1,03/6/17 18:21,3/6/17 18:22,0,157.181.60.141,100,84,1,3/6/17 18:22,R_z0GyPofCuzR2w5X,,,,,47.5,19.08329773,anonymous,1,1,,,,,,,,1,8,5,423976,0,03/6/17 18:21,3/6/17 18:22,0,157.181.60.154,100,96,1,3/6/17 18:22,R_12DaqSQnOfCWJof,,,,,47.5,19.08329773,anonymous,1,1,,,,,,,6,,9,6,423728,0,13/6/17 18:21,3/6/17 18:23,0,157.181.60.145,100,100,1,3/6/17 18:23,R_3D7KDGuZIHmoHxY,,,,,47.5,19.08329773,anonymous,1,1,,,,,,,1,,9,9,423840,0,13/6/17 18:21,3/6/17 18:23,0,157.181.60.142,100,110,1,3/6/17 18:23,R_3IShYNo66KRZulG,,,,,47.5,19.08329773,anonymous,1,1,,,,,,,,4,10,9,423060,0,03/6/17 18:21,3/6/17 18:23,0,157.181.60.148,100,154,1,3/6/17 18:23,R_10ZQiCannNuOcK3,,,,,47.5,19.08329773,anonymous,1,1,2,,532,3,2,6,,,9,9,423162,1,13/6/17 18:21,3/6/17 18:24,0,157.181.60.152,100,175,1,3/6/17 18:24,R_2QSpL6Nu0FdLiEz,,,,,47.5,19.08329773,anonymous,1,1,5,,369,2,7,6,,,8,8,423120,1,13/6/17 18:21,3/6/17 18:25,0,157.181.60.153,100,258,1,3/6/17 18:25,R_D5A9q7yCyqtqgjT,,,,,47.5,19.08329773,anonymous,1,1,,5,519,5,9,9,,,8,10,423437,1,03/6/17 18:21,3/6/17 18:25,0,157.181.60.151,100,263,1,3/6/17 18:25,R_2SI77MQMMwu2ETm,,,,,47.5,19.08329773,anonymous,1,1,1,,504,4,7,7,,,4,7,423158,1,13/6/17 18:21,3/6/17 18:26,0,157.181.60.137,100,341,1,3/6/17 18:27,R_yJGNDIBLOHlaZbj,,,,,47.5,19.08329773,anonymous,1,1,,6,484,4,6,8,,,6,9,423950,1,03/6/17 18:35,3/6/17 18:37,0,157.181.60.152,100,95,1,3/6/17 18:37,R_1o7JOEr0UgmqzhG,,,,,47.5,19.08329773,anonymous,1,1,,,,,,,,1,7,3,423831,0,03/6/17 19:08,3/6/17 19:10,0,157.181.60.137,100,125,1,3/6/17 19:10,R_wSobPYgRuucbodz,,,,,47.5,19.08329773,anonymous,1,1,,,,,,,,5,2,2,423636,0,03/6/17 19:08,3/6/17 19:10,0,157.181.60.141,100,105,1,3/6/17 19:10,R_1ODczcm3nHfQoYa,,,,,47.5,19.08329773,anonymous,1,1,,,,,,,4,,8,10,423371,0,13/6/17 19:08,3/6/17 19:13,0,157.181.60.152,100,299,1,3/6/17 19:13,R_1MXPhDJZ9lJezuA,,,,,47.5,19.08329773,anonymous,1,1,,3,537,4,5,8,,,7,7,423449,1,03/6/17 19:09,3/6/17 19:14,0,157.181.60.154,100,292,1,3/6/17 19:14,R_b4qgTvTbbmChrzj,,,,,47.5,19.08329773,anonymous,1,1,5,,531,5,7,8,,,5,10,423723,1,13/7/17 10:18,3/7/17 10:20,0,157.181.60.148,100,87,1,3/7/17 10:20,R_3prRedXUK5GxSGp,,,,,47.5,19.08329773,anonymous,1,1,,,,,,,3,,7,8,423186,0,13/7/17 10:18,3/7/17 10:20,0,157.181.60.141,100,82,1,3/7/17 10:20,R_1JOB9G02QGih5QT,,,,,47.5,19.08329773,anonymous,1,1,,,,,,,2,,4,10,423387,0,13/7/17 10:18,3/7/17 10:20,0,157.181.60.142,100,98,1,3/7/17 10:20,R_PNVZbTcc2C0lbt7,,,,,47.5,19.08329773,anonymous,1,1,,,,,,,,8,10,7,423274,0,03/7/17 10:18,3/7/17 10:22,0,157.181.60.145,100,210,1,3/7/17 10:22,R_2QDtPO7lOdUkDeA,,,,,47.5,19.08329773,anonymous,1,1,2,,525,4,6,7,,,7,6,423216,1,13/7/17 10:18,3/7/17 10:24,0,157.181.60.150,100,320,1,3/7/17 10:24,R_1GZJxtajjOZBIpL,,,,,47.5,19.08329773,anonymous,1,1,1,,541,5,5,6,,,6,5,423030,1,13/7/17 10:43,3/7/17 10:45,0,157.181.60.142,100,138,1,3/7/17 10:45,R_2CH5X4JgPgU40rc,,,,,47.5,19.08329773,anonymous,1,1,,,,,,,,2,7,10,423528,0,03/7/17 10:43,3/7/17 10:46,0,157.181.60.141,100,171,1,3/7/17 10:46,R_3harHQAhqlvSU7p,,,,,47.5,19.08329773,anonymous,1,1,,4,534,4,7,9,,,4,5,423756,1,03/7/17 10:43,3/7/17 10:48,0,157.181.60.152,100,336,1,3/7/17 10:48,R_1OUgQS0DrbmkTGn,,,,,47.5,19.08329773,anonymous,1,1,,6,533,4,5,5,,,7,8,423529,1,03/7/17 11:07,3/7/17 11:08,0,157.181.60.141,100,105,1,3/7/17 11:08,R_3R3pfU48KtQjswM,,,,,47.5,19.08329773,anonymous,1,1,4,,552,5,7,8,,,7,7,423172,1,13/7/17 11:07,3/7/17 11:08,0,157.181.60.152,100,108,1,3/7/17 11:09,R_2aLHCY6yi73xo8q,,,,,47.5,19.08329773,anonymous,1,1,,,,,,,,4,8,3,423184,0,03/7/17 11:33,3/7/17 11:34,0,157.181.60.152,100,84,1,3/7/17 11:34,R_2rZ6WtkqisPnuj3,,,,,47.5,19.08329773,anonymous,1,1,,,,,,,1,,7,10,423788,0,13/7/17 11:33,3/7/17 11:35,0,157.181.60.141,100,125,1,3/7/17 11:35,R_21BbrYhIdUPWZcW,,,,,47.5,19.08329773,anonymous,1,1,,,,,,,,3,6,4,423218,0,03/7/17 11:33,3/7/17 11:36,0,157.181.60.142,100,215,1,3/7/17 11:36,R_2qvYG7gqjucIfch,,,,,47.5,19.08329773,anonymous,1,1,2,,546,2,6,6,,,8,10,423006,1,13/7/17 11:57,3/7/17 11:59,0,157.181.60.142,100,109,1,3/7/17 11:59,R_3OjIZuDCDh1wBbz,,,,,47.5,19.08329773,anonymous,1,1,,,,,,,3,,9,9,423095,0,13/7/17 11:57,3/7/17 11:59,0,157.181.60.152,100,125,1,3/7/17 11:59,R_3MybMYQesSQom3L,,,,,47.5,19.08329773,anonymous,1,1,,6,549,1,0,2,,,6,2,423726,1,03/7/17 12:25,3/7/17 12:27,0,157.181.60.141,100,110,1,3/7/17 12:27,R_xftrlTL8uMFmaUV,,,,,47.5,19.08329773,anonymous,1,1,,,,,,,1,,7,6,423539,0,13/7/17 12:25,3/7/17 12:27,0,157.181.60.133,100,121,1,3/7/17 12:27,R_24PkIMvoCKNibrb,,,,,47.5,19.08329773,anonymous,1,1,6,,530,3,7,7,,,10,10,423304,1,13/7/17 12:25,3/7/17 12:28,0,157.181.60.152,100,197,1,3/7/17 12:28,R_1GvFRziA0gIBJAK,,,,,47.5,19.08329773,anonymous,1,1,,2,540,4,7,7,,,8,10,423181,1,03/7/17 12:25,3/7/17 12:29,0,157.181.60.142,100,276,1,3/7/17 12:29,R_1E0y5TKO7hnY5hi,,,,,47.5,19.08329773,anonymous,1,1,6,,447,5,4,9,,,8,8,423166,1,13/7/17 12:49,3/7/17 12:50,0,157.181.60.152,100,78,1,3/7/17 12:50,R_1H76w6p0V7mQW3T,,,,,47.5,19.08329773,anonymous,1,1,,,,,,,1,,9,6,423812,0,13/7/17 12:49,3/7/17 12:50,0,157.181.60.154,100,90,1,3/7/17 12:50,R_12mU6WnhCkSe5LH,,,,,47.5,19.08329773,anonymous,1,1,,,,,,,,4,6,7,423380,0,03/7/17 12:49,3/7/17 12:50,0,157.181.60.133,100,93,1,3/7/17 12:51,R_3ReInhemqnhITwd,,,,,47.5,19.08329773,anonymous,1,1,,,,,,,,4,7,7,423160,0,03/7/17 12:49,3/7/17 12:51,0,157.181.60.141,100,107,1,3/7/17 12:51,R_2tqY0auQ9EUmWCf,,,,,47.5,19.08329773,anonymous,1,1,,,,,,,,1,7,4,423715,0,03/7/17 12:49,3/7/17 12:51,0,157.181.60.142,100,102,1,3/7/17 12:51,R_Z4tlLy5HCyAXhRf,,,,,47.5,19.08329773,anonymous,1,1,,,,,,,3,,7,9,423298,0,13/7/17 12:49,3/7/17 12:53,0,157.181.60.143,100,222,1,3/7/17 12:53,R_28BCOFVHOcgVquF,,,,,47.5,19.08329773,anonymous,1,1,,1,534,3,7,8,,,7,8,423247,1,03/7/17 12:49,3/7/17 12:53,0,157.181.60.151,100,258,1,3/7/17 12:53,R_1LwH5vC3QBq4uFG,,,,,47.5,19.08329773,anonymous,1,1,,8,558,1,10,9,,,8,8,423827,1,03/7/17 10:18,3/7/17 10:25,0,157.181.60.152,93,397,0,3/7/17 14:25,R_T4RVBokgYCcyWel,,,,,,,anonymous,1,1,,1,528,4,6,7,,,8,8,423249,1,03/13/17 16:47,3/13/17 16:49,0,157.181.60.137,100,156,1,3/13/17 16:49,R_3y29i6uaEzpvpYJ,,,,,47.5,19.08329773,anonymous,1,1,,,,,,,4,,6,10,423736,0,13/13/17 16:48,3/13/17 16:49,0,157.181.60.136,100,79,1,3/13/17 16:50,R_2xQa0eNRF2lsl8E,,,,,47.5,19.08329773,anonymous,1,1,,,,,,,,4,8,6,423217,0,03/13/17 16:47,3/13/17 16:50,0,157.181.60.154,100,201,1,3/13/17 16:50,R_2TIeCBYQhtSKdpD,,,,,47.5,19.08329773,anonymous,1,1,,,,,,,8,,6,4,423887,0,13/13/17 16:48,3/13/17 16:51,0,157.181.60.142,100,141,1,3/13/17 16:51,R_1q4WXEDbUnwm0Xy,,,,,47.5,19.08329773,anonymous,1,1,,5,560,4,5,7,,,9,10,423177,1,03/13/17 16:46,3/13/17 16:51,0,157.181.60.134,100,283,1,3/13/17 16:51,R_2foF3kTxJRsBK4S,,,,,47.5,19.08329773,anonymous,1,1,9,,536,4,7,8,,,10,9,423967,1,13/13/17 16:48,3/13/17 16:51,0,157.181.60.143,100,163,1,3/13/17 16:51,R_3svMAVz9whVUQUL,,,,,47.5,19.08329773,anonymous,1,1,2,,533,3,8,8,,,7,2,423554,1,13/13/17 16:48,3/13/17 16:52,0,157.181.60.153,100,211,1,3/13/17 16:52,R_3JgbCGlrq9YdtMg,,,,,47.5,19.08329773,anonymous,1,1,,2,551,2,7,6,,,8,8,423182,1,03/13/17 16:47,3/13/17 16:52,0,157.181.60.150,100,312,1,3/13/17 16:52,R_2PC4gGy95WdPqTQ,,,,,47.5,19.08329773,anonymous,1,1,5,,513,3,7,7,,,10,8,423477,1,13/13/17 17:07,3/13/17 17:09,0,157.181.60.150,100,99,1,3/13/17 17:09,R_2eXLQ4mVte4Wc9H,,,,,47.5,19.08329773,anonymous,1,1,,,,,,,,1,8,9,423944,0,03/13/17 17:07,3/13/17 17:09,0,157.181.60.142,100,125,1,3/13/17 17:09,R_1jqBIhueOUsU7hK,,,,,47.5,19.08329773,anonymous,1,1,,,,,,,,2,5,7,423804,0,03/13/17 17:07,3/13/17 17:10,0,157.181.60.134,100,201,1,3/13/17 17:10,R_2UfM1GS56DEwpYX,,,,,47.5,19.08329773,anonymous,1,1,,3,549,1,10,10,,,7,4,423517,1,03/13/17 17:15,3/13/17 17:17,0,157.181.60.133,100,114,1,3/13/17 17:17,R_VWEleeyVLzyPPpf,,,,,47.5,19.08329773,anonymous,1,1,,,,,,,2,,9,10,423133,0,13/13/17 17:36,3/13/17 17:38,0,157.181.60.154,100,167,1,3/13/17 17:38,R_3P6TAS28m9e8X5p,,,,,47.5,19.08329773,anonymous,1,1,7,,540,2,8,8,,,9,10,423133,1,13/13/17 17:36,3/13/17 17:39,0,157.181.60.142,100,197,1,3/13/17 17:39,R_3P7aew7uCuL4AXY,,,,,47.5,19.08329773,anonymous,1,1,,9,542,4,7,7,,,10,10,423903,1,03/13/17 17:58,3/13/17 18:00,0,157.181.60.143,100,85,1,3/13/17 18:00,R_3D0mRd332FYSRwX,,,,,47.5,19.08329773,anonymous,1,1,,,,,,,1,,9,10,423618,0,13/13/17 17:58,3/13/17 18:01,0,157.181.60.142,100,160,1,3/13/17 18:01,R_31i2o8EUCam9G94,,,,,47.5,19.08329773,anonymous,1,1,,,,,,,,1,8,4,423008,0,03/13/17 17:58,3/13/17 18:02,0,157.181.60.151,100,215,1,3/13/17 18:02,R_3m2lpM94nKUsQ9g,,,,,47.5,19.08329773,anonymous,1,1,4,,558,3,6,4,,,4,10,423597,1,13/13/17 17:58,3/13/17 18:03,0,157.181.60.134,100,313,1,3/13/17 18:03,R_CesIMbwK73Gce65,,,,,47.5,19.08329773,anonymous,1,1,,6,539,2,10,8,,,4,7,423916,1,03/13/17 18:27,3/13/17 18:29,0,157.181.60.142,100,108,1,3/13/17 18:29,R_1NkSvxpCmzY8qVX,,,,,47.5,19.08329773,anonymous,1,1,,,,,,,0,,10,10,423574,0,13/13/17 18:33,3/13/17 18:36,0,157.181.60.142,100,181,1,3/13/17 18:36,R_3CUEI8g98o4YRWw,,,,,47.5,19.08329773,anonymous,1,1,,,,,,,,4,8,7,423077,0,03/13/17 17:07,3/13/17 17:18,0,157.181.60.154,93,649,0,3/13/17 21:18,R_wWWlTz37PtUfAcN,,,,,,,anonymous,1,1,2,,549,2,8,8,,,3,4,423338,1,13/14/17 10:19,3/14/17 10:22,0,157.181.60.141,100,188,1,3/14/17 10:22,R_2660bMcx4yF7z7H,,,,,47.5,19.08329773,anonymous,1,1,,4,549,3,5,7,,,7,9,423012,1,03/14/17 10:19,3/14/17 10:25,0,157.181.60.152,100,386,1,3/14/17 10:25,R_3IY4BUzEzP9FhKa,,,,,47.5,19.08329773,anonymous,1,1,4,,539,3,7,7,,,9,9,423479,1,13/14/17 10:42,3/14/17 10:44,0,157.181.60.154,100,114,1,3/14/17 10:44,R_1LFf94D5R0CBodU,,,,,47.5,19.08329773,anonymous,1,1,,,,,,,,5,10,8,423617,0,03/14/17 10:43,3/14/17 10:44,0,157.181.60.141,100,84,1,3/14/17 10:44,R_2R7XkZeU8hbuvdX,,,,,47.5,19.08329773,anonymous,1,1,,,,,,,0,,5,3,423750,0,13/14/17 10:42,3/14/17 10:44,0,157.181.60.152,100,141,1,3/14/17 10:44,R_w6mTxhAtKgOENvH,,,,,47.5,19.08329773,anonymous,1,1,,,,,,,2,,7,7,423325,0,13/14/17 11:07,3/14/17 11:09,0,157.181.60.154,100,116,1,3/14/17 11:09,R_4NKJ1R0VkMhBleN,,,,,47.5,19.08329773,anonymous,1,1,,,,,,,,5,5,10,423817,0,03/14/17 11:08,3/14/17 11:11,0,157.181.60.152,100,168,1,3/14/17 11:11,R_V2RsaO16aQe3e1j,,,,,47.5,19.08329773,anonymous,1,1,,,,,,,,7,8,10,423511,0,03/14/17 11:09,3/14/17 11:12,0,157.181.60.149,100,184,1,3/14/17 11:12,R_pxw5NEAczD1SJi1,,,,,47.5,19.08329773,anonymous,1,1,,7,524,4,4,6,,,6,4,423376,1,03/14/17 11:07,3/14/17 11:12,0,157.181.60.141,100,274,1,3/14/17 11:12,R_1BWtGL22OjhWK8X,,,,,47.5,19.08329773,anonymous,1,1,3,,504,4,7,7,,,8,4,423290,1,13/14/17 11:30,3/14/17 11:34,0,157.181.60.152,100,229,1,3/14/17 11:34,R_3Lb78vNW93CPOzD,,,,,47.5,19.08329773,anonymous,1,1,5,,562,1,6,6,,,8,7,423449,1,13/14/17 11:57,3/14/17 11:58,0,157.181.60.152,100,73,1,3/14/17 11:58,R_1JLBx8HQm751w6B,,,,,47.5,19.08329773,anonymous,1,1,,,,,,,0,,10,8,423648,0,13/14/17 11:58,3/14/17 12:02,0,157.181.60.149,100,247,1,3/14/17 12:02,R_3R8kZCl4yrzSFQB,,,,,47.5,19.08329773,anonymous,1,1,,2,522,4,2,7,,,6,6,423049,1,03/14/17 12:17,3/14/17 12:25,0,157.181.60.141,100,445,1,3/14/17 12:25,R_pR8jXaDCSZiy7SN,,,,,47.5,19.08329773,anonymous,1,1,,,,,,,,3,7,6,423974,0,03/14/17 12:17,3/14/17 12:25,0,157.181.60.154,100,477,1,3/14/17 12:25,R_2VgZ5JL9xeEnZ4I,,,,,47.5,19.08329773,anonymous,1,1,,5,553,4,2,4,,,7,10,423966,1,03/14/17 12:16,3/14/17 12:27,0,157.181.60.152,100,626,1,3/14/17 12:27,R_3fkrDcSFv63pl7r,,,,,47.5,19.08329773,anonymous,1,1,0,,542,3,9,8,,,9,2,423521,1,13/16/17 17:25,3/16/17 17:26,0,157.181.60.134,100,80,1,3/16/17 17:26,R_1DoOTcnvtSPf5I0,,,,,47.5,19.08329773,anonymous,1,1,,,,,,,5,,9,10,423732,0,13/16/17 17:25,3/16/17 17:27,0,157.181.60.152,100,107,1,3/16/17 17:27,R_uwbrFac55sodFKN,,,,,47.5,19.08329773,anonymous,1,1,,,,,,,,4,9,10,423503,0,03/16/17 17:25,3/16/17 17:27,0,157.181.60.150,100,118,1,3/16/17 17:27,R_tWijnoB9WL8Obtf,,,,,47.5,19.08329773,anonymous,1,1,,,,,,,,3,7,5,423512,0,03/16/17 17:25,3/16/17 17:27,0,157.181.60.145,100,138,1,3/16/17 17:27,R_78trlAJDENuRLgt,,,,,47.5,19.08329773,anonymous,1,1,,,,,,,3,,9,6,423204,0,13/16/17 17:25,3/16/17 17:27,0,157.181.60.148,100,157,1,3/16/17 17:28,R_RFzOykgFcNamHq9,,,,,47.5,19.08329773,anonymous,1,1,4,,543,4,10,7,,,5,3,423979,1,13/16/17 17:25,3/16/17 17:27,0,157.181.60.142,100,159,1,3/16/17 17:28,R_1dMIK8xUAesPQ3f,,,,,47.5,19.08329773,anonymous,1,1,,2,531,5,4,8,,,8,8,423233,1,03/16/17 17:27,3/16/17 17:32,0,157.181.60.133,100,301,1,3/16/17 17:32,R_21Hz72a4gwa2d9n,,,,,47.5,19.08329773,anonymous,1,1,8,,527,6,9,10,,,6,8,423053,1,13/16/17 18:02,3/16/17 18:04,0,157.181.60.145,100,152,1,3/16/17 18:05,R_1PYRHG933J1Uasp,,,,,47.5,19.08329773,anonymous,1,1,,,,,,,5,,10,8,423286,0,13/16/17 18:07,3/16/17 18:12,0,157.181.60.145,100,335,1,3/16/17 18:12,R_d5cr72g7pAo66Yx,,,,,47.5,19.08329773,anonymous,1,1,,8,522,4,7,8,,,7,8,423472,1,03/16/17 18:36,3/16/17 18:41,0,157.181.60.145,100,266,1,3/16/17 18:41,R_1pRpRGW0LohAVZX,,,,,47.5,19.08329773,anonymous,1,1,,2,522,1,9,3,,,9,10,423113,1,03/16/17 19:17,3/16/17 19:19,0,157.181.60.142,100,85,1,3/16/17 19:19,R_vv3Sdd18nnmh02t,,,,,47.5,19.08329773,anonymous,1,1,,,,,,,2,,8,8,423697,0,13/16/17 19:17,3/16/17 19:21,0,157.181.60.145,100,244,1,3/16/17 19:21,R_1QxCeOtMS0LjFVq,,,,,47.5,19.08329773,anonymous,1,1,2,,531,3,6,8,,,6,9,423375,1,13/17/17 17:22,3/17/17 17:24,0,157.181.60.147,100,114,1,3/17/17 17:24,R_2afcj71ZojbCTf4,,,,,47.5,19.08329773,anonymous,1,1,,,,,,,,0,5,2,423692,0,03/17/17 17:23,3/17/17 17:25,0,157.181.60.149,100,101,1,3/17/17 17:25,R_2VDCqJOwO5bxRQd,,,,,47.5,19.08329773,anonymous,1,1,,,,,,,,7,4,6,423047,0,03/17/17 17:24,3/17/17 17:26,0,157.181.60.148,100,87,1,3/17/17 17:26,R_2aylmJ36ud3a3hU,,,,,47.5,19.08329773,anonymous,1,1,,,,,,,3,,7,8,423193,0,13/17/17 17:23,3/17/17 17:26,0,157.181.60.146,100,227,1,3/17/17 17:26,R_1o5rdSq748OaQai,,,,,47.5,19.08329773,anonymous,1,1,,8,552,4,10,8,,,6,6,423619,1,03/17/17 17:23,3/17/17 17:26,0,157.181.60.152,100,217,1,3/17/17 17:26,R_1ojMWWX20dqOAns,,,,,47.5,19.08329773,anonymous,1,1,,,,,,,1,,2,9,423274,0,13/17/17 17:22,3/17/17 17:29,0,157.181.60.145,100,419,1,3/17/17 17:29,R_wUdFPdaQYDS6c3n,,,,,47.5,19.08329773,anonymous,1,1,2,,540,4,5,7,,,8,2,423472,1,13/17/17 17:39,3/17/17 17:43,0,157.181.60.152,100,221,1,3/17/17 17:43,R_xtFwLxhoi5epftn,,,,,47.5,19.08329773,anonymous,1,1,6,,534,2,8,7,,,5,8,423117,1,13/17/17 18:08,3/17/17 18:11,0,157.181.60.147,100,126,1,3/17/17 18:11,R_1gFpMR38JyOBmUN,,,,,47.5,19.08329773,anonymous,1,1,,,,,,,,6,9,10,423348,0,0